{
  "generatedAt": "2026-08-11T02:12:54.224Z",
  "pages": [
    {
      "kind": "route",
      "url": "https://te.tournamentsoftware.com/tournaments",
      "status": 200,
      "location": "",
      "title": "Tennis Europe",
      "length": 22793,
      "text": "Tennis Europe Menu Tennis Europe Back to Tennis Europe Home Tournaments Players Ranking Menu Tennis Europe Log In Menu Search for tournaments Log In Tournaments Search for tournaments Go or quickly to Previous week This week Next week Entry open Advanced search My tournaments When you sign up for tournaments you can conveniently access them here. Keep up with relevant dates and information. Use the search bar to find a tournament and sign up for one now! You can create a favourite tournament or draw by clicking on the . Partners Account Sign up Log in Contact Contact us Help Centre Social media Home See what's new Cookies",
      "links": [
        {
          "url": "https://te.tournamentsoftware.com/",
          "text": "Tennis Europe"
        },
        {
          "url": "https://te.tournamentsoftware.com/",
          "text": "Home"
        },
        {
          "url": "https://te.tournamentsoftware.com/tournaments",
          "text": "Tournaments"
        },
        {
          "url": "https://te.tournamentsoftware.com/find/player",
          "text": "Players"
        },
        {
          "url": "https://te.tournamentsoftware.com/ranking",
          "text": "Ranking"
        },
        {
          "url": "https://te.tournamentsoftware.com/",
          "text": "Tennis Europe"
        },
        {
          "url": "https://te.tournamentsoftware.com/user?returnUrl=%2Ftournaments",
          "text": "Log In"
        },
        {
          "url": "https://te.tournamentsoftware.com/user?returnUrl=%2Ftournaments",
          "text": "Log In"
        },
        {
          "url": "https://te.tournamentsoftware.com/find?StartDate=2026-08-04&EndDate=2026-08-10&StatusFilterID=0",
          "text": "Previous week"
        },
        {
          "url": "https://te.tournamentsoftware.com/find?StartDate=2026-08-10&EndDate=2026-08-16&StatusFilterID=0",
          "text": "This week"
        },
        {
          "url": "https://te.tournamentsoftware.com/find?StartDate=2026-08-17&EndDate=2026-08-23&StatusFilterID=0",
          "text": "Next week"
        },
        {
          "url": "https://te.tournamentsoftware.com/find?StatusFilterID=2",
          "text": "Entry open"
        },
        {
          "url": "https://te.tournamentsoftware.com/find",
          "text": "Advanced search"
        },
        {
          "url": "http://bouncesports.co/",
          "text": ""
        },
        {
          "url": "https://www.ionsport.com/",
          "text": ""
        },
        {
          "url": "https://www.minervavirtual.com/mva-for/sport?utm_source=TennisEurope&utm_medium=HomePage&utm_campaign=Website",
          "text": ""
        },
        {
          "url": "http://bouncesports.co/",
          "text": ""
        },
        {
          "url": "https://www.ionsport.com/",
          "text": ""
        },
        {
          "url": "https://www.minervavirtual.com/mva-for/sport?utm_source=TennisEurope&utm_medium=HomePage&utm_campaign=Website",
          "text": ""
        },
        {
          "url": "https://te.tournamentsoftware.com/user/Signup?ReturnUrl=%2Ftournaments",
          "text": "Sign up"
        }
      ],
      "inputs": [
        "<input id=\"nav-toggle\" role=\"button\" class=\"accessible-hidden menu__toggle\" aria-haspopup=\"true\" type=\"checkbox\">",
        "<input id=\"tertiary-nav-toggle\" role=\"button\" class=\"accessible-hidden menu__toggle\" aria-haspopup=\"true\" type=\"checkbox\">",
        "<input id=\"sidebar-toggle\" role=\"button\" class=\"is-extendable-until-medium accessible-hidden\" aria-haspopup=\"true\" type=\"checkbox\">",
        "<input type=\"search\" id=\"layoutSubheader_q\" name=\"q\" placeholder=\"Search for tournaments\" spellcheck=\"false\" autocomplete=\"off\" autocorrect=\"off\" autocapitalize=\"off\" aria-describedby=\"q-tip\" class=\"form-control search-box__field js-input valid\">",
        "<button type=\"button\" class=\"icon-x__trigger js-formcontrol_clear is-hidden\">",
        "<input type=\"search\" id=\"Q\" name=\"Q\" placeholder=\"Search for tournaments\" spellcheck=\"false\" autocomplete=\"off\" autocorrect=\"off\" autocapitalize=\"off\" autofocus=\"autofocus\" aria-describedby=\"Q-tip\" class=\"form-control search-box__field js-nav_query_target\">",
        "<button type=\"button\" class=\"icon-x__trigger js-formcontrol_clear is-hidden\">",
        "<button type=\"submit\" class=\"btn btn--secondary search__submit-inline\">"
      ],
      "apiHints": [
        "tournamentsoftware.com",
        "tournaments",
        "tournamentsoftware.com/content/images/themes/te/app/mstile-144x144.png",
        "Tournaments",
        "tournamentsoftware.com/content/images/themes/te/app/android-chrome-512x512.png",
        "tournamentsoftware.com/tournaments",
        "TournamentSoft",
        "tournamentsoftware.com/Content/fonts/open-sans/Regular/OpenSans-Regular-webfont.woff2?v=1.0.0",
        "tournamentsoftware.com/Content/fonts/open-sans/SemiBold/OpenSans-SemiBold-webfont.woff2?v=1.0.0",
        "tournamentsoftware.com/Content/fonts/open-sans/Bold/OpenSans-Bold-webfont.woff2?v=1.0.0",
        "tournamentsoftware.com/content/styles/css/themes/te/styles.css?v=20260804121859",
        "tournamentsoftware.com/content/images/themes/te/app/favicon.ico?v=20250415114325",
        "tournamentsoftware.com/content/images/themes/te/app/favicon-32x32.png?v=20250415114325",
        "tournamentsoftware.com/content/images/themes/te/app/apple-touch-icon.png?v=20250321095705",
        "tournamentsoftware.com/content/images/themes/te/app/safari-pinned-tab.svg",
        "tournamentsoftware.com/Content/scripts/dist/jquery-bundle.js?v=20240430121207",
        "tournamentsoftware.com/Content/images/themes/te/logo.svg?v=20250325133019",
        "/tournaments",
        "search__main",
        "search-box",
        "search-box__field",
        "search__submit-inline",
        "tournamentsoftware-company.com/",
        "search-backdrop",
        "tournamentsoftware.com/Content/scripts/dist/vendor-bundle.js?v=20240430121207",
        "tournamentsoftware.com/Content/scripts/dist/functions-bundle.js?v=20260609105630",
        "searchMinChar",
        "SearchQuery",
        "searchform",
        "searchform.trigger",
        "search_1",
        "search-is-active"
      ]
    },
    {
      "kind": "route",
      "url": "https://te.tournamentsoftware.com/sport/tournaments.aspx",
      "status": 200,
      "location": "",
      "title": "Tennis Europe",
      "length": 22707,
      "text": "Tennis Europe Menu Tennis Europe Back to Tennis Europe Home Tournaments Players Ranking Menu Tennis Europe Search Search Please fill in at least 3 characters Log In Menu Log In 404 - Page not found We can't seem to find the page you are looking for. Try one of the following links: Home Tournaments Players Ranking Partners Account Sign up Log in Contact Contact us Help Centre Social media Home See what's new Cookies",
      "links": [
        {
          "url": "https://te.tournamentsoftware.com/",
          "text": "Tennis Europe"
        },
        {
          "url": "https://te.tournamentsoftware.com/",
          "text": "Home"
        },
        {
          "url": "https://te.tournamentsoftware.com/tournaments",
          "text": "Tournaments"
        },
        {
          "url": "https://te.tournamentsoftware.com/find/player",
          "text": "Players"
        },
        {
          "url": "https://te.tournamentsoftware.com/ranking",
          "text": "Ranking"
        },
        {
          "url": "https://te.tournamentsoftware.com/",
          "text": "Tennis Europe"
        },
        {
          "url": "https://te.tournamentsoftware.com/user?returnUrl=%2Ferror%2F404%3Fec%3D404%26404%3Bhttps%3A%2F%2Fte.tournamentsoftware.com%3A443%2Fsport%2Ftournaments.aspx",
          "text": "Log In"
        },
        {
          "url": "https://te.tournamentsoftware.com/user?returnUrl=%2Ferror%2F404%3Fec%3D404%26404%3Bhttps%3A%2F%2Fte.tournamentsoftware.com%3A443%2Fsport%2Ftournaments.aspx",
          "text": "Log In"
        },
        {
          "url": "https://te.tournamentsoftware.com/",
          "text": "Home"
        },
        {
          "url": "https://te.tournamentsoftware.com/tournaments",
          "text": "Tournaments"
        },
        {
          "url": "https://te.tournamentsoftware.com/find/player",
          "text": "Players"
        },
        {
          "url": "https://te.tournamentsoftware.com/ranking",
          "text": "Ranking"
        },
        {
          "url": "http://bouncesports.co/",
          "text": ""
        },
        {
          "url": "https://www.ionsport.com/",
          "text": ""
        },
        {
          "url": "https://www.minervavirtual.com/mva-for/sport?utm_source=TennisEurope&utm_medium=HomePage&utm_campaign=Website",
          "text": ""
        },
        {
          "url": "http://bouncesports.co/",
          "text": ""
        },
        {
          "url": "https://www.ionsport.com/",
          "text": ""
        },
        {
          "url": "https://www.minervavirtual.com/mva-for/sport?utm_source=TennisEurope&utm_medium=HomePage&utm_campaign=Website",
          "text": ""
        },
        {
          "url": "https://te.tournamentsoftware.com/user/Signup?ReturnUrl=%2Ferror%2F404%3Fec%3D404%26404%3Bhttps%3A%2F%2Fte.tournamentsoftware.com%3A443%2Fsport%2Ftournaments.aspx",
          "text": "Sign up"
        },
        {
          "url": "https://te.tournamentsoftware.com/user?ReturnUrl=%2Ferror%2F404%3Fec%3D404%26404%3Bhttps%3A%2F%2Fte.tournamentsoftware.com%3A443%2Fsport%2Ftournaments.aspx",
          "text": "Log in"
        }
      ],
      "inputs": [
        "<input id=\"nav-toggle\" role=\"button\" class=\"accessible-hidden menu__toggle\" aria-haspopup=\"true\" type=\"checkbox\">",
        "<input id=\"tertiary-nav-toggle\" role=\"button\" class=\"accessible-hidden menu__toggle\" aria-haspopup=\"true\" type=\"checkbox\">",
        "<input id=\"sidebar-toggle\" role=\"button\" class=\"is-extendable-until-medium accessible-hidden\" aria-haspopup=\"true\" type=\"checkbox\">",
        "<input type=\"search\" name=\"SearchString\" id=\"MastheadSearchInput\" placeholder=\"Search\" spellcheck=\"false\" autocomplete=\"off\" autocorrect=\"off\" autocapitalize=\"off\" data-min-char=\"3\" aria-describedby=\"SearchString-tip\" class=\"form-control search-box__field js-search-box__field\">",
        "<button type=\"button\" class=\"icon-x__trigger js-formcontrol_clear is-hidden\">",
        "<button type=\"button\" class=\"search-box__close js-search-box__close\">"
      ],
      "apiHints": [
        "tournamentsoftware.com",
        "tournaments",
        "tournamentsoftware.com/content/images/themes/te/app/mstile-144x144.png",
        "tournamentsoftware.com/Content/fonts/open-sans/Regular/OpenSans-Regular-webfont.woff2?v=1.0.0",
        "tournamentsoftware.com/Content/fonts/open-sans/SemiBold/OpenSans-SemiBold-webfont.woff2?v=1.0.0",
        "tournamentsoftware.com/Content/fonts/open-sans/Bold/OpenSans-Bold-webfont.woff2?v=1.0.0",
        "tournamentsoftware.com/content/styles/css/themes/te/styles.css?v=20260804121859",
        "tournamentsoftware.com/content/images/themes/te/app/favicon.ico?v=20250415114325",
        "tournamentsoftware.com/content/images/themes/te/app/favicon-32x32.png?v=20250415114325",
        "tournamentsoftware.com/content/images/themes/te/app/apple-touch-icon.png?v=20250321095705",
        "tournamentsoftware.com/content/images/themes/te/app/safari-pinned-tab.svg",
        "tournamentsoftware.com/Content/scripts/dist/jquery-bundle.js?v=20240430121207",
        "tournamentsoftware.com/Content/images/themes/te/logo.svg?v=20250325133019",
        "/tournaments",
        "Tournaments",
        "SearchInput",
        "search_1",
        "search_2",
        "search-initialy-hidden-container",
        "search__main",
        "search-box",
        "SearchString",
        "SearchString-tip",
        "search-box__field",
        "search-box__close",
        "search__dropdown",
        "SearchPreviewContent",
        "search__message",
        "search__dropdown-results",
        "search__dropdown-results--preview",
        "search__dropdown-preview",
        "tournamentsoftware.com%3A443%2Fsport%2Ftournaments.aspx",
        "tournamentsoftware-company.com/",
        "search-backdrop",
        "tournamentsoftware.com/Content/scripts/dist/vendor-bundle.js?v=20240430121207",
        "tournamentsoftware.com/Content/scripts/dist/functions-bundle.js?v=20260609105630",
        "searchMinChar",
        "SearchQuery",
        "searchform",
        "searchform.trigger"
      ]
    },
    {
      "kind": "route",
      "url": "https://te.tournamentsoftware.com/find",
      "status": 200,
      "location": "",
      "title": "Tournaments | Tennis Europe",
      "length": 214032,
      "text": "Tournaments | Tennis Europe Menu Tennis Europe Back to Tennis Europe Home Tournaments Players Ranking Menu Tennis Europe Log In Menu Search for tournaments Log In Tournaments Search for tournaments Go Results Filters 0 Reset filters Load more Filters 0 Reset filters Date From to or &#\" data-val-visualtextinputvalidator-regexpattern=\"^(?!(.|\\n)*&lt;[a-zA-Z!\\/?])(?!(.|\\n)*&#)(.|\\n)*$\" data-val=\"true\" id=\"TournamentExtendedFilter_CountryCode\" aria-describedby=\"TournamentExtendedFilter.CountryCode-tip\" class=\"js-chosen form-select-control js-selectplaceholder js-bind_tag js-bind_tag__forcesubmit js-postonchange\" data-allowsingledeselect=\"true\" data-placeholder=\"Country\"> Country Albania Andorra Armenia Austria Azerbaijan Belarus Belgium Bosnia/Herzegovina Bulgaria Croatia Cyprus Czechia Denmark Estonia Faroe Islands Finland France Georgia Germany Great Britain Greece Hungary Iceland Ireland ",
      "links": [
        {
          "url": "https://te.tournamentsoftware.com/",
          "text": "Tennis Europe"
        },
        {
          "url": "https://te.tournamentsoftware.com/",
          "text": "Home"
        },
        {
          "url": "https://te.tournamentsoftware.com/tournaments",
          "text": "Tournaments"
        },
        {
          "url": "https://te.tournamentsoftware.com/find/player",
          "text": "Players"
        },
        {
          "url": "https://te.tournamentsoftware.com/ranking",
          "text": "Ranking"
        },
        {
          "url": "https://te.tournamentsoftware.com/",
          "text": "Tennis Europe"
        },
        {
          "url": "https://te.tournamentsoftware.com/user?returnUrl=%2Ffind",
          "text": "Log In"
        },
        {
          "url": "https://te.tournamentsoftware.com/user?returnUrl=%2Ffind",
          "text": "Log In"
        },
        {
          "url": "https://te.tournamentsoftware.com/find#resetFilter",
          "text": "Reset filters"
        },
        {
          "url": "https://te.tournamentsoftware.com/find#resetFilter",
          "text": "Reset filters"
        },
        {
          "url": "http://bouncesports.co/",
          "text": ""
        },
        {
          "url": "https://www.ionsport.com/",
          "text": ""
        },
        {
          "url": "https://www.minervavirtual.com/mva-for/sport?utm_source=TennisEurope&utm_medium=HomePage&utm_campaign=Website",
          "text": ""
        },
        {
          "url": "http://bouncesports.co/",
          "text": ""
        },
        {
          "url": "https://www.ionsport.com/",
          "text": ""
        },
        {
          "url": "https://www.minervavirtual.com/mva-for/sport?utm_source=TennisEurope&utm_medium=HomePage&utm_campaign=Website",
          "text": ""
        },
        {
          "url": "https://te.tournamentsoftware.com/user/Signup?ReturnUrl=%2Ffind",
          "text": "Sign up"
        },
        {
          "url": "https://te.tournamentsoftware.com/user?ReturnUrl=%2Ffind",
          "text": "Log in"
        },
        {
          "url": "https://te.tournamentsoftware.com/Support/HelpCenter",
          "text": "Help Centre"
        },
        {
          "url": "https://www.tournamentsoftware-company.com/",
          "text": ""
        }
      ],
      "inputs": [
        "<input id=\"nav-toggle\" role=\"button\" class=\"accessible-hidden menu__toggle\" aria-haspopup=\"true\" type=\"checkbox\">",
        "<input id=\"tertiary-nav-toggle\" role=\"button\" class=\"accessible-hidden menu__toggle\" aria-haspopup=\"true\" type=\"checkbox\">",
        "<input id=\"sidebar-toggle\" role=\"button\" class=\"is-extendable-until-medium accessible-hidden\" aria-haspopup=\"true\" type=\"checkbox\">",
        "<input type=\"search\" id=\"layoutSubheader_q\" name=\"q\" placeholder=\"Search for tournaments\" spellcheck=\"false\" autocomplete=\"off\" autocorrect=\"off\" autocapitalize=\"off\" aria-describedby=\"q-tip\" class=\"form-control search-box__field js-input valid\">",
        "<button type=\"button\" class=\"icon-x__trigger js-formcontrol_clear is-hidden\">",
        "<input data-val=\"true\" data-val-number=\"Please enter a numeric value.\" data-val-required=\"The Page field is required.\" id=\"Page\" name=\"Page\" type=\"hidden\" value=\"1\" />",
        "<input data-val=\"true\" data-val-number=\"Please enter a numeric value.\" data-val-required=\"The SportID field is required.\" id=\"TournamentExtendedFilter_SportID\" name=\"TournamentExtendedFilter.SportID\" type=\"hidden\" value=\"0\" />",
        "<input type=\"search\" id=\"TournamentFilter_Q\" name=\"TournamentFilter.Q\" placeholder=\"Search for tournaments\" spellcheck=\"false\" autocomplete=\"off\" autocorrect=\"off\" autocapitalize=\"off\" autofocus=\"autofocus\" aria-describedby=\"TournamentFilter.Q-tip\" class=\"form-control search-box__field js-nav_query_target\">",
        "<button type=\"button\" class=\"icon-x__trigger js-formcontrol_clear is-hidden\">",
        "<button type=\"submit\" class=\"btn btn--secondary search__submit-inline\">",
        "<button type=\"submit\" id=\"btnLoadMore\" value=\"LoadMoreResults\" name=\"LoadMoreResults\" class=\"hidden\" style=\"display:none;\">",
        "<button type=\"button\" id=\"elem_loadmore\" class=\"btn btn--small btn--outline-link\" style=\"display: none;\">",
        "<input class=\"js-hidden-search\" data-val=\"true\" data-val-number=\"Please enter a numeric value.\" id=\"TournamentFilter_DateFilterType\" name=\"TournamentFilter.DateFilterType\" type=\"hidden\" value=\"0\" />",
        "<input type=\"text\" id=\"TournamentFilter_StartDate\" name=\"TournamentFilter.StartDate\" data-val-date=\"Please enter a valid date.\" data-val=\"true\" class=\"hidden js-dp-hidden-input js-postonchange\" aria-describedby=\"TournamentFilter.StartDate-tip\" value=\"2026-08-12T00:00\">",
        "<input data-dp-for=\"TournamentFilter_StartDate\" data-locale=\"en\" data-date-format=\"DD/MM/YYYY\" data-date-modelformat=\"YYYY-MM-DD\" autocomplete=\"off\" autocorrect=\"off\" type=\"text\" placeholder=\"From\" id=\"TournamentFilter_StartDate_dp\" name=\"\" value=\"12/08/2026\" class=\"js-bind_tag form-control js-datepicker \" data-tag-onclear=\"resetDateRange\" data-tag-hideif=\"12/08/2026 to 11/11/2026\" data-tag-title=\"From \">",
        "<input type=\"text\" id=\"TournamentFilter_EndDate\" name=\"TournamentFilter.EndDate\" data-val-date=\"Please enter a valid date.\" data-val=\"true\" class=\"hidden js-dp-hidden-input js-postonchange\" aria-describedby=\"TournamentFilter.EndDate-tip\" value=\"2026-11-11T00:00\">",
        "<input data-dp-for=\"TournamentFilter_EndDate\" data-locale=\"en\" data-date-format=\"DD/MM/YYYY\" data-date-modelformat=\"YYYY-MM-DD\" autocomplete=\"off\" autocorrect=\"off\" type=\"text\" placeholder=\"to\" id=\"TournamentFilter_EndDate_dp\" name=\"\" value=\"11/11/2026\" class=\"js-bind_tag form-control js-datepicker \" data-tag-title=\"to \" data-tag-target=\"TournamentFilter_StartDate_dp\">",
        "<select autocomplete=\"off\" name=\"TournamentExtendedFilter.CountryCode\" data-val-visualtextinputvalidator=\"This input contains invalid characters such as &lt;, >",
        "<option value=\"\" selected>",
        "<option value=\"ALB\">",
        "<option value=\"AND\">",
        "<option value=\"ARM\">",
        "<option value=\"AUT\">",
        "<option value=\"AZE\">",
        "<option value=\"BLR\">",
        "<option value=\"BEL\">",
        "<option value=\"BIH\">",
        "<option value=\"BUL\">",
        "<option value=\"CRO\">",
        "<option value=\"CYP\">"
      ],
      "apiHints": [
        "Tournaments",
        "tournamentsoftware.com",
        "tournaments",
        "tournamentsoftware.com/content/images/themes/te/app/mstile-144x144.png",
        "tournamentsoftware.com/content/images/themes/te/app/android-chrome-512x512.png",
        "tournamentsoftware.com/find",
        "TournamentSoft",
        "tournamentsoftware.com/Content/fonts/open-sans/Regular/OpenSans-Regular-webfont.woff2?v=1.0.0",
        "tournamentsoftware.com/Content/fonts/open-sans/SemiBold/OpenSans-SemiBold-webfont.woff2?v=1.0.0",
        "tournamentsoftware.com/Content/fonts/open-sans/Bold/OpenSans-Bold-webfont.woff2?v=1.0.0",
        "tournamentsoftware.com/content/styles/css/themes/te/styles.css?v=20260804121859",
        "tournamentsoftware.com/content/images/themes/te/app/favicon.ico?v=20250415114325",
        "tournamentsoftware.com/content/images/themes/te/app/favicon-32x32.png?v=20250415114325",
        "tournamentsoftware.com/content/images/themes/te/app/apple-touch-icon.png?v=20250321095705",
        "tournamentsoftware.com/content/images/themes/te/app/safari-pinned-tab.svg",
        "tournamentsoftware.com/Content/scripts/dist/jquery-bundle.js?v=20240430121207",
        "tournamentsoftware.com/Content/images/themes/te/logo.svg?v=20250325133019",
        "/tournaments",
        "search__main",
        "search-box",
        "search-box__field",
        "search-filter",
        "tournament/DoSearch",
        "SearchStart",
        "SearchComplete",
        "SearchSuccess",
        "searchResultArea",
        "TournamentExtendedFilter_SportID",
        "TournamentExtendedFilter.SportID",
        "search-filter__header",
        "TournamentFilter_Q",
        "TournamentFilter.Q",
        "TournamentFilter.Q-tip",
        "search__submit-inline",
        "TournamentFilter_DateFilterType",
        "TournamentFilter.DateFilterType",
        "TournamentFilter_StartDate",
        "TournamentFilter.StartDate",
        "TournamentFilter.StartDate-tip",
        "TournamentFilter_StartDate_dp"
      ]
    },
    {
      "kind": "route",
      "url": "https://te.tournamentsoftware.com/find?query=Zennaro",
      "status": 200,
      "location": "",
      "title": "Tournaments | Tennis Europe",
      "length": 214152,
      "text": "Tournaments | Tennis Europe Menu Tennis Europe Back to Tennis Europe Home Tournaments Players Ranking Menu Tennis Europe Log In Menu Search for tournaments Log In Tournaments Search for tournaments Go Results Filters 0 Reset filters Load more Filters 0 Reset filters Date From to or &#\" data-val-visualtextinputvalidator-regexpattern=\"^(?!(.|\\n)*&lt;[a-zA-Z!\\/?])(?!(.|\\n)*&#)(.|\\n)*$\" data-val=\"true\" id=\"TournamentExtendedFilter_CountryCode\" aria-describedby=\"TournamentExtendedFilter.CountryCode-tip\" class=\"js-chosen form-select-control js-selectplaceholder js-bind_tag js-bind_tag__forcesubmit js-postonchange\" data-allowsingledeselect=\"true\" data-placeholder=\"Country\"> Country Albania Andorra Armenia Austria Azerbaijan Belarus Belgium Bosnia/Herzegovina Bulgaria Croatia Cyprus Czechia Denmark Estonia Faroe Islands Finland France Georgia Germany Great Britain Greece Hungary Iceland Ireland ",
      "links": [
        {
          "url": "https://te.tournamentsoftware.com/",
          "text": "Tennis Europe"
        },
        {
          "url": "https://te.tournamentsoftware.com/",
          "text": "Home"
        },
        {
          "url": "https://te.tournamentsoftware.com/tournaments",
          "text": "Tournaments"
        },
        {
          "url": "https://te.tournamentsoftware.com/find/player",
          "text": "Players"
        },
        {
          "url": "https://te.tournamentsoftware.com/ranking",
          "text": "Ranking"
        },
        {
          "url": "https://te.tournamentsoftware.com/",
          "text": "Tennis Europe"
        },
        {
          "url": "https://te.tournamentsoftware.com/user?returnUrl=%2Ffind%3Fquery%3DZennaro",
          "text": "Log In"
        },
        {
          "url": "https://te.tournamentsoftware.com/user?returnUrl=%2Ffind%3Fquery%3DZennaro",
          "text": "Log In"
        },
        {
          "url": "https://te.tournamentsoftware.com/find?query=Zennaro#resetFilter",
          "text": "Reset filters"
        },
        {
          "url": "https://te.tournamentsoftware.com/find?query=Zennaro#resetFilter",
          "text": "Reset filters"
        },
        {
          "url": "http://bouncesports.co/",
          "text": ""
        },
        {
          "url": "https://www.ionsport.com/",
          "text": ""
        },
        {
          "url": "https://www.minervavirtual.com/mva-for/sport?utm_source=TennisEurope&utm_medium=HomePage&utm_campaign=Website",
          "text": ""
        },
        {
          "url": "http://bouncesports.co/",
          "text": ""
        },
        {
          "url": "https://www.ionsport.com/",
          "text": ""
        },
        {
          "url": "https://www.minervavirtual.com/mva-for/sport?utm_source=TennisEurope&utm_medium=HomePage&utm_campaign=Website",
          "text": ""
        },
        {
          "url": "https://te.tournamentsoftware.com/user/Signup?ReturnUrl=%2Ffind%3Fquery%3DZennaro",
          "text": "Sign up"
        },
        {
          "url": "https://te.tournamentsoftware.com/user?ReturnUrl=%2Ffind%3Fquery%3DZennaro",
          "text": "Log in"
        },
        {
          "url": "https://te.tournamentsoftware.com/Support/HelpCenter",
          "text": "Help Centre"
        },
        {
          "url": "https://www.tournamentsoftware-company.com/",
          "text": ""
        }
      ],
      "inputs": [
        "<input id=\"nav-toggle\" role=\"button\" class=\"accessible-hidden menu__toggle\" aria-haspopup=\"true\" type=\"checkbox\">",
        "<input id=\"tertiary-nav-toggle\" role=\"button\" class=\"accessible-hidden menu__toggle\" aria-haspopup=\"true\" type=\"checkbox\">",
        "<input id=\"sidebar-toggle\" role=\"button\" class=\"is-extendable-until-medium accessible-hidden\" aria-haspopup=\"true\" type=\"checkbox\">",
        "<input type=\"search\" id=\"layoutSubheader_q\" name=\"q\" placeholder=\"Search for tournaments\" spellcheck=\"false\" autocomplete=\"off\" autocorrect=\"off\" autocapitalize=\"off\" aria-describedby=\"q-tip\" class=\"form-control search-box__field js-input valid\">",
        "<button type=\"button\" class=\"icon-x__trigger js-formcontrol_clear is-hidden\">",
        "<input data-val=\"true\" data-val-number=\"Please enter a numeric value.\" data-val-required=\"The Page field is required.\" id=\"Page\" name=\"Page\" type=\"hidden\" value=\"1\" />",
        "<input data-val=\"true\" data-val-number=\"Please enter a numeric value.\" data-val-required=\"The SportID field is required.\" id=\"TournamentExtendedFilter_SportID\" name=\"TournamentExtendedFilter.SportID\" type=\"hidden\" value=\"0\" />",
        "<input type=\"search\" id=\"TournamentFilter_Q\" name=\"TournamentFilter.Q\" value=\"Zennaro\" placeholder=\"Search for tournaments\" spellcheck=\"false\" autocomplete=\"off\" autocorrect=\"off\" autocapitalize=\"off\" autofocus=\"autofocus\" aria-describedby=\"TournamentFilter.Q-tip\" class=\"form-control search-box__field js-nav_query_target\">",
        "<button type=\"button\" class=\"icon-x__trigger js-formcontrol_clear is-hidden\">",
        "<button type=\"submit\" class=\"btn btn--secondary search__submit-inline\">",
        "<button type=\"submit\" id=\"btnLoadMore\" value=\"LoadMoreResults\" name=\"LoadMoreResults\" class=\"hidden\" style=\"display:none;\">",
        "<button type=\"button\" id=\"elem_loadmore\" class=\"btn btn--small btn--outline-link\" style=\"display: none;\">",
        "<input class=\"js-hidden-search\" data-val=\"true\" data-val-number=\"Please enter a numeric value.\" id=\"TournamentFilter_DateFilterType\" name=\"TournamentFilter.DateFilterType\" type=\"hidden\" value=\"0\" />",
        "<input type=\"text\" id=\"TournamentFilter_StartDate\" name=\"TournamentFilter.StartDate\" data-val-date=\"Please enter a valid date.\" data-val=\"true\" class=\"hidden js-dp-hidden-input js-postonchange\" aria-describedby=\"TournamentFilter.StartDate-tip\" value=\"2026-08-12T00:00\">",
        "<input data-dp-for=\"TournamentFilter_StartDate\" data-locale=\"en\" data-date-format=\"DD/MM/YYYY\" data-date-modelformat=\"YYYY-MM-DD\" autocomplete=\"off\" autocorrect=\"off\" type=\"text\" placeholder=\"From\" id=\"TournamentFilter_StartDate_dp\" name=\"\" value=\"12/08/2026\" class=\"js-bind_tag form-control js-datepicker \" data-tag-onclear=\"resetDateRange\" data-tag-hideif=\"12/08/2026 to 11/11/2026\" data-tag-title=\"From \">",
        "<input type=\"text\" id=\"TournamentFilter_EndDate\" name=\"TournamentFilter.EndDate\" data-val-date=\"Please enter a valid date.\" data-val=\"true\" class=\"hidden js-dp-hidden-input js-postonchange\" aria-describedby=\"TournamentFilter.EndDate-tip\" value=\"2026-11-11T00:00\">",
        "<input data-dp-for=\"TournamentFilter_EndDate\" data-locale=\"en\" data-date-format=\"DD/MM/YYYY\" data-date-modelformat=\"YYYY-MM-DD\" autocomplete=\"off\" autocorrect=\"off\" type=\"text\" placeholder=\"to\" id=\"TournamentFilter_EndDate_dp\" name=\"\" value=\"11/11/2026\" class=\"js-bind_tag form-control js-datepicker \" data-tag-title=\"to \" data-tag-target=\"TournamentFilter_StartDate_dp\">",
        "<select autocomplete=\"off\" name=\"TournamentExtendedFilter.CountryCode\" data-val-visualtextinputvalidator=\"This input contains invalid characters such as &lt;, >",
        "<option value=\"\" selected>",
        "<option value=\"ALB\">",
        "<option value=\"AND\">",
        "<option value=\"ARM\">",
        "<option value=\"AUT\">",
        "<option value=\"AZE\">",
        "<option value=\"BLR\">",
        "<option value=\"BEL\">",
        "<option value=\"BIH\">",
        "<option value=\"BUL\">",
        "<option value=\"CRO\">",
        "<option value=\"CYP\">"
      ],
      "apiHints": [
        "Tournaments",
        "tournamentsoftware.com",
        "tournaments",
        "tournamentsoftware.com/content/images/themes/te/app/mstile-144x144.png",
        "tournamentsoftware.com/content/images/themes/te/app/android-chrome-512x512.png",
        "tournamentsoftware.com/find?query=Zennaro",
        "TournamentSoft",
        "tournamentsoftware.com/Content/fonts/open-sans/Regular/OpenSans-Regular-webfont.woff2?v=1.0.0",
        "tournamentsoftware.com/Content/fonts/open-sans/SemiBold/OpenSans-SemiBold-webfont.woff2?v=1.0.0",
        "tournamentsoftware.com/Content/fonts/open-sans/Bold/OpenSans-Bold-webfont.woff2?v=1.0.0",
        "tournamentsoftware.com/content/styles/css/themes/te/styles.css?v=20260804121859",
        "tournamentsoftware.com/content/images/themes/te/app/favicon.ico?v=20250415114325",
        "tournamentsoftware.com/content/images/themes/te/app/favicon-32x32.png?v=20250415114325",
        "tournamentsoftware.com/content/images/themes/te/app/apple-touch-icon.png?v=20250321095705",
        "tournamentsoftware.com/content/images/themes/te/app/safari-pinned-tab.svg",
        "tournamentsoftware.com/Content/scripts/dist/jquery-bundle.js?v=20240430121207",
        "tournamentsoftware.com/Content/images/themes/te/logo.svg?v=20250325133019",
        "/tournaments",
        "search__main",
        "search-box",
        "search-box__field",
        "search-filter",
        "tournament/DoSearch",
        "SearchStart",
        "SearchComplete",
        "SearchSuccess",
        "searchResultArea",
        "TournamentExtendedFilter_SportID",
        "TournamentExtendedFilter.SportID",
        "search-filter__header",
        "TournamentFilter_Q",
        "TournamentFilter.Q",
        "TournamentFilter.Q-tip",
        "search__submit-inline",
        "TournamentFilter_DateFilterType",
        "TournamentFilter.DateFilterType",
        "TournamentFilter_StartDate",
        "TournamentFilter.StartDate",
        "TournamentFilter.StartDate-tip",
        "TournamentFilter_StartDate_dp"
      ]
    },
    {
      "kind": "route",
      "url": "https://te.tournamentsoftware.com/find/player?query=Zennaro",
      "status": 200,
      "location": "",
      "title": "Players | Tennis Europe",
      "length": 29642,
      "text": "Players | Tennis Europe Menu Tennis Europe Back to Tennis Europe Home Tournaments Players Ranking Menu Tennis Europe Log In Menu Search for players Log In Players Search for players Please fill in at least 3 characters 0 Results Load more My Favourites Log in and favourite a player by clicking the next to it. You will be able to access your favourite players here. Results of your favourite players will conveniently appear on the timeline on your homepage. Log in Partners Account Sign up Log in Contact Contact us Help Centre Social media Home See what's new Cookies",
      "links": [
        {
          "url": "https://te.tournamentsoftware.com/",
          "text": "Tennis Europe"
        },
        {
          "url": "https://te.tournamentsoftware.com/",
          "text": "Home"
        },
        {
          "url": "https://te.tournamentsoftware.com/tournaments",
          "text": "Tournaments"
        },
        {
          "url": "https://te.tournamentsoftware.com/find/player",
          "text": "Players"
        },
        {
          "url": "https://te.tournamentsoftware.com/ranking",
          "text": "Ranking"
        },
        {
          "url": "https://te.tournamentsoftware.com/",
          "text": "Tennis Europe"
        },
        {
          "url": "https://te.tournamentsoftware.com/user?returnUrl=%2Ffind%2Fplayer%3Fquery%3DZennaro",
          "text": "Log In"
        },
        {
          "url": "https://te.tournamentsoftware.com/user?returnUrl=%2Ffind%2Fplayer%3Fquery%3DZennaro",
          "text": "Log In"
        },
        {
          "url": "https://te.tournamentsoftware.com/user",
          "text": "Log in"
        },
        {
          "url": "http://bouncesports.co/",
          "text": ""
        },
        {
          "url": "https://www.ionsport.com/",
          "text": ""
        },
        {
          "url": "https://www.minervavirtual.com/mva-for/sport?utm_source=TennisEurope&utm_medium=HomePage&utm_campaign=Website",
          "text": ""
        },
        {
          "url": "http://bouncesports.co/",
          "text": ""
        },
        {
          "url": "https://www.ionsport.com/",
          "text": ""
        },
        {
          "url": "https://www.minervavirtual.com/mva-for/sport?utm_source=TennisEurope&utm_medium=HomePage&utm_campaign=Website",
          "text": ""
        },
        {
          "url": "https://te.tournamentsoftware.com/user/Signup?ReturnUrl=%2Ffind%2Fplayer%3Fquery%3DZennaro",
          "text": "Sign up"
        },
        {
          "url": "https://te.tournamentsoftware.com/user?ReturnUrl=%2Ffind%2Fplayer%3Fquery%3DZennaro",
          "text": "Log in"
        },
        {
          "url": "https://te.tournamentsoftware.com/Support/HelpCenter",
          "text": "Help Centre"
        },
        {
          "url": "https://www.tournamentsoftware-company.com/",
          "text": ""
        },
        {
          "url": "https://te.tournamentsoftware.com/Home",
          "text": "Home"
        }
      ],
      "inputs": [
        "<input id=\"nav-toggle\" role=\"button\" class=\"accessible-hidden menu__toggle\" aria-haspopup=\"true\" type=\"checkbox\">",
        "<input id=\"tertiary-nav-toggle\" role=\"button\" class=\"accessible-hidden menu__toggle\" aria-haspopup=\"true\" type=\"checkbox\">",
        "<input id=\"sidebar-toggle\" role=\"button\" class=\"is-extendable-until-medium accessible-hidden\" aria-haspopup=\"true\" type=\"checkbox\">",
        "<input type=\"search\" id=\"layoutSubheader_q\" name=\"q\" placeholder=\"Search for players\" spellcheck=\"false\" autocomplete=\"off\" autocorrect=\"off\" autocapitalize=\"off\" aria-describedby=\"q-tip\" class=\"form-control search-box__field js-input valid\">",
        "<button type=\"button\" class=\"icon-x__trigger js-formcontrol_clear is-hidden\">",
        "<input data-val=\"true\" data-val-number=\"Please enter a numeric value.\" data-val-required=\"The Page field is required.\" id=\"Page\" name=\"Page\" type=\"hidden\" value=\"1\" />",
        "<input data-val=\"true\" data-val-number=\"Please enter a numeric value.\" id=\"SportID\" name=\"SportID\" type=\"hidden\" value=\"0\" />",
        "<input type=\"search\" id=\"Query\" name=\"Query\" placeholder=\"Search for players\" spellcheck=\"false\" autocomplete=\"off\" autocorrect=\"off\" autocapitalize=\"off\" autofocus=\"autofocus\" data-min-char=\"3\" aria-describedby=\"Query-tip\" class=\"form-control search-box__field js-nav_query_target\">",
        "<button type=\"button\" class=\"icon-x__trigger js-formcontrol_clear is-hidden\">",
        "<button type=\"submit\" id=\"btnLoadMore\" value=\"LoadMoreResults\" name=\"LoadMoreResults\" class=\"is-hidden\" style=\"display:none;\">",
        "<button type=\"button\" id=\"elem_loadmore\" class=\"btn btn--small btn--outline-link is-hidden\">"
      ],
      "apiHints": [
        "tournamentsoftware.com",
        "tournaments",
        "tournamentsoftware.com/content/images/themes/te/app/mstile-144x144.png",
        "tournamentsoftware.com/content/images/themes/te/app/android-chrome-512x512.png",
        "tournamentsoftware.com/find/player?query=Zennaro",
        "TournamentSoft",
        "tournamentsoftware.com/Content/fonts/open-sans/Regular/OpenSans-Regular-webfont.woff2?v=1.0.0",
        "tournamentsoftware.com/Content/fonts/open-sans/SemiBold/OpenSans-SemiBold-webfont.woff2?v=1.0.0",
        "tournamentsoftware.com/Content/fonts/open-sans/Bold/OpenSans-Bold-webfont.woff2?v=1.0.0",
        "tournamentsoftware.com/content/styles/css/themes/te/styles.css?v=20260804121859",
        "tournamentsoftware.com/content/images/themes/te/app/favicon.ico?v=20250415114325",
        "tournamentsoftware.com/content/images/themes/te/app/favicon-32x32.png?v=20250415114325",
        "tournamentsoftware.com/content/images/themes/te/app/apple-touch-icon.png?v=20250321095705",
        "tournamentsoftware.com/content/images/themes/te/app/safari-pinned-tab.svg",
        "tournamentsoftware.com/Content/scripts/dist/jquery-bundle.js?v=20240430121207",
        "tournamentsoftware.com/Content/images/themes/te/logo.svg?v=20250325133019",
        "/tournaments",
        "Tournaments",
        "search__main",
        "search-box",
        "search-box__field",
        "search-filter",
        "SearchStart",
        "SearchComplete",
        "searchSpinner",
        "SearchSuccess",
        "searchResultArea",
        "search-filter__header",
        "search__message",
        "tournamentsoftware-company.com/",
        "search-backdrop",
        "tournamentsoftware.com/Content/scripts/dist/vendor-bundle.js?v=20240430121207",
        "tournamentsoftware.com/Content/scripts/dist/functions-bundle.js?v=20260609105630",
        "searchMessage",
        "searchPageMinChar",
        "searchQuery",
        "searchQuery.length",
        "searchMessage.hide",
        "searchMessage.show",
        "SearchQuery"
      ]
    },
    {
      "kind": "route",
      "url": "https://te.tournamentsoftware.com/players",
      "status": 200,
      "location": "",
      "title": "Tennis Europe",
      "length": 22622,
      "text": "Tennis Europe Menu Tennis Europe Back to Tennis Europe Home Tournaments Players Ranking Menu Tennis Europe Search Search Please fill in at least 3 characters Log In Menu Log In 404 - Page not found We can't seem to find the page you are looking for. Try one of the following links: Home Tournaments Players Ranking Partners Account Sign up Log in Contact Contact us Help Centre Social media Home See what's new Cookies",
      "links": [
        {
          "url": "https://te.tournamentsoftware.com/",
          "text": "Tennis Europe"
        },
        {
          "url": "https://te.tournamentsoftware.com/",
          "text": "Home"
        },
        {
          "url": "https://te.tournamentsoftware.com/tournaments",
          "text": "Tournaments"
        },
        {
          "url": "https://te.tournamentsoftware.com/find/player",
          "text": "Players"
        },
        {
          "url": "https://te.tournamentsoftware.com/ranking",
          "text": "Ranking"
        },
        {
          "url": "https://te.tournamentsoftware.com/",
          "text": "Tennis Europe"
        },
        {
          "url": "https://te.tournamentsoftware.com/user?returnUrl=%2Ferror%2F404%3Fec%3D404%26404%3Bhttps%3A%2F%2Fte.tournamentsoftware.com%3A443%2Fplayers",
          "text": "Log In"
        },
        {
          "url": "https://te.tournamentsoftware.com/user?returnUrl=%2Ferror%2F404%3Fec%3D404%26404%3Bhttps%3A%2F%2Fte.tournamentsoftware.com%3A443%2Fplayers",
          "text": "Log In"
        },
        {
          "url": "https://te.tournamentsoftware.com/",
          "text": "Home"
        },
        {
          "url": "https://te.tournamentsoftware.com/tournaments",
          "text": "Tournaments"
        },
        {
          "url": "https://te.tournamentsoftware.com/find/player",
          "text": "Players"
        },
        {
          "url": "https://te.tournamentsoftware.com/ranking",
          "text": "Ranking"
        },
        {
          "url": "http://bouncesports.co/",
          "text": ""
        },
        {
          "url": "https://www.ionsport.com/",
          "text": ""
        },
        {
          "url": "https://www.minervavirtual.com/mva-for/sport?utm_source=TennisEurope&utm_medium=HomePage&utm_campaign=Website",
          "text": ""
        },
        {
          "url": "http://bouncesports.co/",
          "text": ""
        },
        {
          "url": "https://www.ionsport.com/",
          "text": ""
        },
        {
          "url": "https://www.minervavirtual.com/mva-for/sport?utm_source=TennisEurope&utm_medium=HomePage&utm_campaign=Website",
          "text": ""
        },
        {
          "url": "https://te.tournamentsoftware.com/user/Signup?ReturnUrl=%2Ferror%2F404%3Fec%3D404%26404%3Bhttps%3A%2F%2Fte.tournamentsoftware.com%3A443%2Fplayers",
          "text": "Sign up"
        },
        {
          "url": "https://te.tournamentsoftware.com/user?ReturnUrl=%2Ferror%2F404%3Fec%3D404%26404%3Bhttps%3A%2F%2Fte.tournamentsoftware.com%3A443%2Fplayers",
          "text": "Log in"
        }
      ],
      "inputs": [
        "<input id=\"nav-toggle\" role=\"button\" class=\"accessible-hidden menu__toggle\" aria-haspopup=\"true\" type=\"checkbox\">",
        "<input id=\"tertiary-nav-toggle\" role=\"button\" class=\"accessible-hidden menu__toggle\" aria-haspopup=\"true\" type=\"checkbox\">",
        "<input id=\"sidebar-toggle\" role=\"button\" class=\"is-extendable-until-medium accessible-hidden\" aria-haspopup=\"true\" type=\"checkbox\">",
        "<input type=\"search\" name=\"SearchString\" id=\"MastheadSearchInput\" placeholder=\"Search\" spellcheck=\"false\" autocomplete=\"off\" autocorrect=\"off\" autocapitalize=\"off\" data-min-char=\"3\" aria-describedby=\"SearchString-tip\" class=\"form-control search-box__field js-search-box__field\">",
        "<button type=\"button\" class=\"icon-x__trigger js-formcontrol_clear is-hidden\">",
        "<button type=\"button\" class=\"search-box__close js-search-box__close\">"
      ],
      "apiHints": [
        "tournamentsoftware.com",
        "tournaments",
        "tournamentsoftware.com/content/images/themes/te/app/mstile-144x144.png",
        "tournamentsoftware.com/Content/fonts/open-sans/Regular/OpenSans-Regular-webfont.woff2?v=1.0.0",
        "tournamentsoftware.com/Content/fonts/open-sans/SemiBold/OpenSans-SemiBold-webfont.woff2?v=1.0.0",
        "tournamentsoftware.com/Content/fonts/open-sans/Bold/OpenSans-Bold-webfont.woff2?v=1.0.0",
        "tournamentsoftware.com/content/styles/css/themes/te/styles.css?v=20260804121859",
        "tournamentsoftware.com/content/images/themes/te/app/favicon.ico?v=20250415114325",
        "tournamentsoftware.com/content/images/themes/te/app/favicon-32x32.png?v=20250415114325",
        "tournamentsoftware.com/content/images/themes/te/app/apple-touch-icon.png?v=20250321095705",
        "tournamentsoftware.com/content/images/themes/te/app/safari-pinned-tab.svg",
        "tournamentsoftware.com/Content/scripts/dist/jquery-bundle.js?v=20240430121207",
        "tournamentsoftware.com/Content/images/themes/te/logo.svg?v=20250325133019",
        "/tournaments",
        "Tournaments",
        "SearchInput",
        "search_1",
        "search_2",
        "search-initialy-hidden-container",
        "search__main",
        "search-box",
        "SearchString",
        "SearchString-tip",
        "search-box__field",
        "search-box__close",
        "search__dropdown",
        "SearchPreviewContent",
        "search__message",
        "search__dropdown-results",
        "search__dropdown-results--preview",
        "search__dropdown-preview",
        "tournamentsoftware.com%3A443%2Fplayers",
        "tournamentsoftware-company.com/",
        "search-backdrop",
        "tournamentsoftware.com/Content/scripts/dist/vendor-bundle.js?v=20240430121207",
        "tournamentsoftware.com/Content/scripts/dist/functions-bundle.js?v=20260609105630",
        "searchMinChar",
        "SearchQuery",
        "searchform",
        "searchform.trigger"
      ]
    },
    {
      "kind": "route",
      "url": "https://te.tournamentsoftware.com/ranking",
      "status": 301,
      "location": "https://te.tournamentsoftware.com/ranking/",
      "title": "Document Moved",
      "length": 165,
      "text": "Document Moved Object Moved This document may be found here",
      "links": [
        {
          "url": "https://te.tournamentsoftware.com/ranking/",
          "text": "here"
        }
      ],
      "inputs": [],
      "apiHints": [
        "tournamentsoftware.com/ranking/"
      ]
    },
    {
      "kind": "route",
      "url": "https://te.tournamentsoftware.com/calendar",
      "status": 200,
      "location": "",
      "title": "Tennis Europe",
      "length": 22627,
      "text": "Tennis Europe Menu Tennis Europe Back to Tennis Europe Home Tournaments Players Ranking Menu Tennis Europe Search Search Please fill in at least 3 characters Log In Menu Log In 404 - Page not found We can't seem to find the page you are looking for. Try one of the following links: Home Tournaments Players Ranking Partners Account Sign up Log in Contact Contact us Help Centre Social media Home See what's new Cookies",
      "links": [
        {
          "url": "https://te.tournamentsoftware.com/",
          "text": "Tennis Europe"
        },
        {
          "url": "https://te.tournamentsoftware.com/",
          "text": "Home"
        },
        {
          "url": "https://te.tournamentsoftware.com/tournaments",
          "text": "Tournaments"
        },
        {
          "url": "https://te.tournamentsoftware.com/find/player",
          "text": "Players"
        },
        {
          "url": "https://te.tournamentsoftware.com/ranking",
          "text": "Ranking"
        },
        {
          "url": "https://te.tournamentsoftware.com/",
          "text": "Tennis Europe"
        },
        {
          "url": "https://te.tournamentsoftware.com/user?returnUrl=%2Ferror%2F404%3Fec%3D404%26404%3Bhttps%3A%2F%2Fte.tournamentsoftware.com%3A443%2Fcalendar",
          "text": "Log In"
        },
        {
          "url": "https://te.tournamentsoftware.com/user?returnUrl=%2Ferror%2F404%3Fec%3D404%26404%3Bhttps%3A%2F%2Fte.tournamentsoftware.com%3A443%2Fcalendar",
          "text": "Log In"
        },
        {
          "url": "https://te.tournamentsoftware.com/",
          "text": "Home"
        },
        {
          "url": "https://te.tournamentsoftware.com/tournaments",
          "text": "Tournaments"
        },
        {
          "url": "https://te.tournamentsoftware.com/find/player",
          "text": "Players"
        },
        {
          "url": "https://te.tournamentsoftware.com/ranking",
          "text": "Ranking"
        },
        {
          "url": "http://bouncesports.co/",
          "text": ""
        },
        {
          "url": "https://www.ionsport.com/",
          "text": ""
        },
        {
          "url": "https://www.minervavirtual.com/mva-for/sport?utm_source=TennisEurope&utm_medium=HomePage&utm_campaign=Website",
          "text": ""
        },
        {
          "url": "http://bouncesports.co/",
          "text": ""
        },
        {
          "url": "https://www.ionsport.com/",
          "text": ""
        },
        {
          "url": "https://www.minervavirtual.com/mva-for/sport?utm_source=TennisEurope&utm_medium=HomePage&utm_campaign=Website",
          "text": ""
        },
        {
          "url": "https://te.tournamentsoftware.com/user/Signup?ReturnUrl=%2Ferror%2F404%3Fec%3D404%26404%3Bhttps%3A%2F%2Fte.tournamentsoftware.com%3A443%2Fcalendar",
          "text": "Sign up"
        },
        {
          "url": "https://te.tournamentsoftware.com/user?ReturnUrl=%2Ferror%2F404%3Fec%3D404%26404%3Bhttps%3A%2F%2Fte.tournamentsoftware.com%3A443%2Fcalendar",
          "text": "Log in"
        }
      ],
      "inputs": [
        "<input id=\"nav-toggle\" role=\"button\" class=\"accessible-hidden menu__toggle\" aria-haspopup=\"true\" type=\"checkbox\">",
        "<input id=\"tertiary-nav-toggle\" role=\"button\" class=\"accessible-hidden menu__toggle\" aria-haspopup=\"true\" type=\"checkbox\">",
        "<input id=\"sidebar-toggle\" role=\"button\" class=\"is-extendable-until-medium accessible-hidden\" aria-haspopup=\"true\" type=\"checkbox\">",
        "<input type=\"search\" name=\"SearchString\" id=\"MastheadSearchInput\" placeholder=\"Search\" spellcheck=\"false\" autocomplete=\"off\" autocorrect=\"off\" autocapitalize=\"off\" data-min-char=\"3\" aria-describedby=\"SearchString-tip\" class=\"form-control search-box__field js-search-box__field\">",
        "<button type=\"button\" class=\"icon-x__trigger js-formcontrol_clear is-hidden\">",
        "<button type=\"button\" class=\"search-box__close js-search-box__close\">"
      ],
      "apiHints": [
        "tournamentsoftware.com",
        "tournaments",
        "tournamentsoftware.com/content/images/themes/te/app/mstile-144x144.png",
        "tournamentsoftware.com/Content/fonts/open-sans/Regular/OpenSans-Regular-webfont.woff2?v=1.0.0",
        "tournamentsoftware.com/Content/fonts/open-sans/SemiBold/OpenSans-SemiBold-webfont.woff2?v=1.0.0",
        "tournamentsoftware.com/Content/fonts/open-sans/Bold/OpenSans-Bold-webfont.woff2?v=1.0.0",
        "tournamentsoftware.com/content/styles/css/themes/te/styles.css?v=20260804121859",
        "tournamentsoftware.com/content/images/themes/te/app/favicon.ico?v=20250415114325",
        "tournamentsoftware.com/content/images/themes/te/app/favicon-32x32.png?v=20250415114325",
        "tournamentsoftware.com/content/images/themes/te/app/apple-touch-icon.png?v=20250321095705",
        "tournamentsoftware.com/content/images/themes/te/app/safari-pinned-tab.svg",
        "tournamentsoftware.com/Content/scripts/dist/jquery-bundle.js?v=20240430121207",
        "tournamentsoftware.com/Content/images/themes/te/logo.svg?v=20250325133019",
        "/tournaments",
        "Tournaments",
        "SearchInput",
        "search_1",
        "search_2",
        "search-initialy-hidden-container",
        "search__main",
        "search-box",
        "SearchString",
        "SearchString-tip",
        "search-box__field",
        "search-box__close",
        "search__dropdown",
        "SearchPreviewContent",
        "search__message",
        "search__dropdown-results",
        "search__dropdown-results--preview",
        "search__dropdown-preview",
        "tournamentsoftware.com%3A443%2Fcalendar",
        "tournamentsoftware-company.com/",
        "search-backdrop",
        "tournamentsoftware.com/Content/scripts/dist/vendor-bundle.js?v=20240430121207",
        "tournamentsoftware.com/Content/scripts/dist/functions-bundle.js?v=20260609105630",
        "searchMinChar",
        "SearchQuery",
        "searchform",
        "searchform.trigger"
      ]
    },
    {
      "kind": "profile",
      "player": "Aila Zennaro",
      "url": "https://te.tournamentsoftware.com/player-profile/D53EDFB2-9B79-4881-BBE2-11EC2F61C7D5",
      "status": 200,
      "location": "",
      "title": "Tennis Europe",
      "length": 46360,
      "text": "Tennis Europe Menu Tennis Europe Back to Tennis Europe Home Tournaments Players Ranking Menu Tennis Europe Search Search Please fill in at least 3 characters Log In Menu Aila Zennaro Log In AZ Aila Zennaro Singles 30.1 Doubles 35.2 Favourite Overview Tournaments Ranking Biography More Statistics Total Singles Doubles Mixed More Win-Loss Head to Head Career 21 / 25 (46) This year 19 / 14 (33) History L W W W L Win-Loss Head to Head Career 17 / 16 (33) This year 15 / 8 (23) Win-Loss Head to Head Career 4 / 9 (13) This year 4 / 6 (10) Win-Loss Head to Head Career 0 / 0 (0) This year 0 / 0 (0) Tournaments Agno U16 (2) GoAcademy | Agno, Switzerland 09/08/2026 to 15/08/2026 Category 2 Event: GS16 Girls Singles 16 Main Draw Round of 32 Aila ZENNARO W Bye GoAcademy Head to Head AZ ? Head to Head Titles/Finals All 2026 Open de Pully TE U14 GD14 Partners Account Sign up Log in Contact Contact us H",
      "links": [
        {
          "url": "https://te.tournamentsoftware.com/",
          "text": "Tennis Europe"
        },
        {
          "url": "https://te.tournamentsoftware.com/",
          "text": "Home"
        },
        {
          "url": "https://te.tournamentsoftware.com/tournaments",
          "text": "Tournaments"
        },
        {
          "url": "https://te.tournamentsoftware.com/find/player",
          "text": "Players"
        },
        {
          "url": "https://te.tournamentsoftware.com/ranking",
          "text": "Ranking"
        },
        {
          "url": "https://te.tournamentsoftware.com/",
          "text": "Tennis Europe"
        },
        {
          "url": "https://te.tournamentsoftware.com/user?returnUrl=%2Fplayer-profile%2FD53EDFB2-9B79-4881-BBE2-11EC2F61C7D5",
          "text": "Log In"
        },
        {
          "url": "https://te.tournamentsoftware.com/player-profile/D53EDFB2-9B79-4881-BBE2-11EC2F61C7D5#",
          "text": "Aila Zennaro"
        },
        {
          "url": "https://te.tournamentsoftware.com/user?returnUrl=%2Fplayer-profile%2FD53EDFB2-9B79-4881-BBE2-11EC2F61C7D5",
          "text": "Log In"
        },
        {
          "url": "https://te.tournamentsoftware.com/player-profile/d53edfb2-9b79-4881-bbe2-11ec2f61c7d5",
          "text": "Overview"
        },
        {
          "url": "https://te.tournamentsoftware.com/player-profile/d53edfb2-9b79-4881-bbe2-11ec2f61c7d5/tournaments",
          "text": "Tournaments"
        },
        {
          "url": "https://te.tournamentsoftware.com/player-profile/d53edfb2-9b79-4881-bbe2-11ec2f61c7d5/ranking",
          "text": "Ranking"
        },
        {
          "url": "https://te.tournamentsoftware.com/player-profile/d53edfb2-9b79-4881-bbe2-11ec2f61c7d5/biography",
          "text": "Biography"
        },
        {
          "url": "https://te.tournamentsoftware.com/player-profile/D53EDFB2-9B79-4881-BBE2-11EC2F61C7D5#tabStatsTotal",
          "text": "Total"
        },
        {
          "url": "https://te.tournamentsoftware.com/player-profile/D53EDFB2-9B79-4881-BBE2-11EC2F61C7D5#tabStatsSingles",
          "text": "Singles"
        },
        {
          "url": "https://te.tournamentsoftware.com/player-profile/D53EDFB2-9B79-4881-BBE2-11EC2F61C7D5#tabStatsDoubles",
          "text": "Doubles"
        },
        {
          "url": "https://te.tournamentsoftware.com/player-profile/D53EDFB2-9B79-4881-BBE2-11EC2F61C7D5#tabStatsMixed",
          "text": "Mixed"
        },
        {
          "url": "https://te.tournamentsoftware.com/head-2-head?OrganizationCode=D09FBF2D-A596-46F5-B290-4AC89F90BFDE&T1P1MemberID=ZEN3089346",
          "text": "Head to Head"
        },
        {
          "url": "https://te.tournamentsoftware.com/head-2-head?OrganizationCode=D09FBF2D-A596-46F5-B290-4AC89F90BFDE&T1P1MemberID=ZEN3089346",
          "text": "Head to Head"
        },
        {
          "url": "https://te.tournamentsoftware.com/head-2-head?OrganizationCode=D09FBF2D-A596-46F5-B290-4AC89F90BFDE&T1P1MemberID=ZEN3089346",
          "text": "Head to Head"
        }
      ],
      "inputs": [
        "<input id=\"nav-toggle\" role=\"button\" class=\"accessible-hidden menu__toggle\" aria-haspopup=\"true\" type=\"checkbox\">",
        "<input id=\"tertiary-nav-toggle\" role=\"button\" class=\"accessible-hidden menu__toggle\" aria-haspopup=\"true\" type=\"checkbox\">",
        "<input id=\"sidebar-toggle\" role=\"button\" class=\"is-extendable-until-medium accessible-hidden\" aria-haspopup=\"true\" type=\"checkbox\">",
        "<input type=\"search\" name=\"SearchString\" id=\"MastheadSearchInput\" placeholder=\"Search\" spellcheck=\"false\" autocomplete=\"off\" autocorrect=\"off\" autocapitalize=\"off\" data-min-char=\"3\" aria-describedby=\"SearchString-tip\" class=\"form-control search-box__field js-search-box__field\">",
        "<button type=\"button\" class=\"icon-x__trigger js-formcontrol_clear is-hidden\">",
        "<button type=\"button\" class=\"search-box__close js-search-box__close\">",
        "<button type=\"button\"\r\n    class=\"btn--rectangle btn--outline-mono media__favorite js-userlisttoggle btn--tiny btn\"\r\n    data-uldatatype=\"2\"\r\n    data-ultype=\"1\"\r\n    data-uldata1=\"D09FBF2D-A596-46F5-B290-4AC89F90BFDE\"\r\n    data-uldata2=\"d53edfb2-9b79-4881-bbe2-11ec2f61c7d5\"\r\n    data-uldata3=\"\"\r\n    data-uldata4=\"\"\r\n    data-toggle=\"tooltip\"\r\n    data-placement=\"left\"\r\n    data-trigger=\"manual\">"
      ],
      "apiHints": [
        "tournamentsoftware.com",
        "tournaments",
        "tournamentsoftware.com/content/images/themes/te/app/mstile-144x144.png",
        "tournamentsoftware.com/Content/fonts/open-sans/Regular/OpenSans-Regular-webfont.woff2?v=1.0.0",
        "tournamentsoftware.com/Content/fonts/open-sans/SemiBold/OpenSans-SemiBold-webfont.woff2?v=1.0.0",
        "tournamentsoftware.com/Content/fonts/open-sans/Bold/OpenSans-Bold-webfont.woff2?v=1.0.0",
        "tournamentsoftware.com/content/styles/css/themes/te/styles.css?v=20260804121859",
        "tournamentsoftware.com/content/images/themes/te/app/favicon.ico?v=20250415114325",
        "tournamentsoftware.com/content/images/themes/te/app/favicon-32x32.png?v=20250415114325",
        "tournamentsoftware.com/content/images/themes/te/app/apple-touch-icon.png?v=20250321095705",
        "tournamentsoftware.com/content/images/themes/te/app/safari-pinned-tab.svg",
        "tournamentsoftware.com/Content/scripts/dist/jquery-bundle.js?v=20240430121207",
        "tournamentsoftware.com/Content/images/themes/te/logo.svg?v=20250325133019",
        "/tournaments",
        "Tournaments",
        "SearchInput",
        "search_1",
        "search_2",
        "search-initialy-hidden-container",
        "search__main",
        "search-box",
        "SearchString",
        "SearchString-tip",
        "search-box__field",
        "search-box__close",
        "search__dropdown",
        "SearchPreviewContent",
        "search__message",
        "search__dropdown-results",
        "search__dropdown-results--preview",
        "search__dropdown-preview",
        "tournamentsoftware.com/content/images/flags/ITA.svg",
        "tournamentsoftware.com/images/profile/D09FBF2D-A596-46F5-B290-4AC89F90BFDE/xlarge/D53EDFB2-9B79-4881-BBE2-11EC2F61C7D5.jpg?v=20260119211655",
        "player-profile/d53edfb2-9b79-4881-bbe2-11ec2f61c7d5",
        "player-profile/d53edfb2-9b79-4881-bbe2-11ec2f61c7d5/tournaments",
        "player-profile/d53edfb2-9b79-4881-bbe2-11ec2f61c7d5/ranking",
        "player-profile/d53edfb2-9b79-4881-bbe2-11ec2f61c7d5/biography",
        "tournamentsoftware.com/Content/scripts/dist/chartist.js?v=20240430121207",
        "/sport/tournament?id=B43C14DB-7AB5-477D-B470-46FACAD7F187",
        "tournamentsoftware.com/images/club/event-no-photo.svg"
      ]
    },
    {
      "kind": "profile",
      "player": "Aila Zennaro",
      "url": "https://te.tournamentsoftware.com/player-profile/D53EDFB2-9B79-4881-BBE2-11EC2F61C7D5/tournaments",
      "status": 200,
      "location": "",
      "title": "Tennis Europe",
      "length": 194905,
      "text": "Tennis Europe Menu Tennis Europe Back to Tennis Europe Home Tournaments Players Ranking Menu Tennis Europe Search Search Please fill in at least 3 characters Log In Menu Aila Zennaro Log In AZ Aila Zennaro Singles 30.1 Doubles 35.2 Favourite Overview Tournaments Ranking Biography More 2026 2025 2024 More Agno U16 (2) GoAcademy | Agno, Switzerland 09/08/2026 to 15/08/2026 Category 2 Event: GS16 Girls Singles 16 Main Draw Round of 32 Aila ZENNARO W Bye GoAcademy Torneo U14 - Sassuolo Sporting Club Sassuolo | Sassuolo, Italy 18/07/2026 to 25/07/2026 Category 3 Event: GD14 Girls Doubles 14 Main Draw Round of 16 Hanna SARBACH Aila ZENNARO W Bye Sporting Club Sassuolo Quarter final Hanna SARBACH Aila ZENNARO L Juno CHIODELLI Gaia SERRA ZANETTI 2 6 1 6 H2H Tue 21/07/2026 Sporting Club Sassuolo - Court 2 Event: GS14 Girls Singles 14 Main Draw Round of 32 Maxine SOLER Aila ZENNARO W 2 6 2 6 H2H T",
      "links": [
        {
          "url": "https://te.tournamentsoftware.com/",
          "text": "Tennis Europe"
        },
        {
          "url": "https://te.tournamentsoftware.com/",
          "text": "Home"
        },
        {
          "url": "https://te.tournamentsoftware.com/tournaments",
          "text": "Tournaments"
        },
        {
          "url": "https://te.tournamentsoftware.com/find/player",
          "text": "Players"
        },
        {
          "url": "https://te.tournamentsoftware.com/ranking",
          "text": "Ranking"
        },
        {
          "url": "https://te.tournamentsoftware.com/",
          "text": "Tennis Europe"
        },
        {
          "url": "https://te.tournamentsoftware.com/user?returnUrl=%2Fplayer-profile%2FD53EDFB2-9B79-4881-BBE2-11EC2F61C7D5%2Ftournaments",
          "text": "Log In"
        },
        {
          "url": "https://te.tournamentsoftware.com/player-profile/D53EDFB2-9B79-4881-BBE2-11EC2F61C7D5/tournaments#",
          "text": "Aila Zennaro"
        },
        {
          "url": "https://te.tournamentsoftware.com/user?returnUrl=%2Fplayer-profile%2FD53EDFB2-9B79-4881-BBE2-11EC2F61C7D5%2Ftournaments",
          "text": "Log In"
        },
        {
          "url": "https://te.tournamentsoftware.com/player-profile/d53edfb2-9b79-4881-bbe2-11ec2f61c7d5",
          "text": "Overview"
        },
        {
          "url": "https://te.tournamentsoftware.com/player-profile/d53edfb2-9b79-4881-bbe2-11ec2f61c7d5/tournaments",
          "text": "Tournaments"
        },
        {
          "url": "https://te.tournamentsoftware.com/player-profile/d53edfb2-9b79-4881-bbe2-11ec2f61c7d5/ranking",
          "text": "Ranking"
        },
        {
          "url": "https://te.tournamentsoftware.com/player-profile/d53edfb2-9b79-4881-bbe2-11ec2f61c7d5/biography",
          "text": "Biography"
        },
        {
          "url": "https://te.tournamentsoftware.com/player-profile/d53edfb2-9b79-4881-bbe2-11ec2f61c7d5/tournaments/2026/TournamentsForYear",
          "text": "2026"
        },
        {
          "url": "https://te.tournamentsoftware.com/player-profile/d53edfb2-9b79-4881-bbe2-11ec2f61c7d5/tournaments/2025/TournamentsForYear",
          "text": "2025"
        },
        {
          "url": "https://te.tournamentsoftware.com/player-profile/d53edfb2-9b79-4881-bbe2-11ec2f61c7d5/tournaments/2024/TournamentsForYear",
          "text": "2024"
        },
        {
          "url": "https://te.tournamentsoftware.com/sport/tournament?id=B43C14DB-7AB5-477D-B470-46FACAD7F187",
          "text": ""
        },
        {
          "url": "https://te.tournamentsoftware.com/sport/tournament?id=B43C14DB-7AB5-477D-B470-46FACAD7F187",
          "text": "Agno U16 (2)"
        },
        {
          "url": "https://te.tournamentsoftware.com/sport/draw.aspx?id=B43C14DB-7AB5-477D-B470-46FACAD7F187&draw=3",
          "text": "Girls Singles 16 Main Draw"
        },
        {
          "url": "https://te.tournamentsoftware.com/sport/player.aspx?id=B43C14DB-7AB5-477D-B470-46FACAD7F187&player=5",
          "text": "Aila ZENNARO"
        }
      ],
      "inputs": [
        "<input id=\"nav-toggle\" role=\"button\" class=\"accessible-hidden menu__toggle\" aria-haspopup=\"true\" type=\"checkbox\">",
        "<input id=\"tertiary-nav-toggle\" role=\"button\" class=\"accessible-hidden menu__toggle\" aria-haspopup=\"true\" type=\"checkbox\">",
        "<input id=\"sidebar-toggle\" role=\"button\" class=\"is-extendable-until-medium accessible-hidden\" aria-haspopup=\"true\" type=\"checkbox\">",
        "<input type=\"search\" name=\"SearchString\" id=\"MastheadSearchInput\" placeholder=\"Search\" spellcheck=\"false\" autocomplete=\"off\" autocorrect=\"off\" autocapitalize=\"off\" data-min-char=\"3\" aria-describedby=\"SearchString-tip\" class=\"form-control search-box__field js-search-box__field\">",
        "<button type=\"button\" class=\"icon-x__trigger js-formcontrol_clear is-hidden\">",
        "<button type=\"button\" class=\"search-box__close js-search-box__close\">",
        "<button type=\"button\"\r\n    class=\"btn--rectangle btn--outline-mono media__favorite js-userlisttoggle btn--tiny btn\"\r\n    data-uldatatype=\"2\"\r\n    data-ultype=\"1\"\r\n    data-uldata1=\"D09FBF2D-A596-46F5-B290-4AC89F90BFDE\"\r\n    data-uldata2=\"d53edfb2-9b79-4881-bbe2-11ec2f61c7d5\"\r\n    data-uldata3=\"\"\r\n    data-uldata4=\"\"\r\n    data-toggle=\"tooltip\"\r\n    data-placement=\"left\"\r\n    data-trigger=\"manual\">"
      ],
      "apiHints": [
        "tournamentsoftware.com",
        "tournaments",
        "tournamentsoftware.com/content/images/themes/te/app/mstile-144x144.png",
        "tournamentsoftware.com/Content/fonts/open-sans/Regular/OpenSans-Regular-webfont.woff2?v=1.0.0",
        "tournamentsoftware.com/Content/fonts/open-sans/SemiBold/OpenSans-SemiBold-webfont.woff2?v=1.0.0",
        "tournamentsoftware.com/Content/fonts/open-sans/Bold/OpenSans-Bold-webfont.woff2?v=1.0.0",
        "tournamentsoftware.com/content/styles/css/themes/te/styles.css?v=20260804121859",
        "tournamentsoftware.com/content/images/themes/te/app/favicon.ico?v=20250415114325",
        "tournamentsoftware.com/content/images/themes/te/app/favicon-32x32.png?v=20250415114325",
        "tournamentsoftware.com/content/images/themes/te/app/apple-touch-icon.png?v=20250321095705",
        "tournamentsoftware.com/content/images/themes/te/app/safari-pinned-tab.svg",
        "tournamentsoftware.com/Content/scripts/dist/jquery-bundle.js?v=20240430121207",
        "tournamentsoftware.com/Content/images/themes/te/logo.svg?v=20250325133019",
        "/tournaments",
        "Tournaments",
        "SearchInput",
        "search_1",
        "search_2",
        "search-initialy-hidden-container",
        "search__main",
        "search-box",
        "SearchString",
        "SearchString-tip",
        "search-box__field",
        "search-box__close",
        "search__dropdown",
        "SearchPreviewContent",
        "search__message",
        "search__dropdown-results",
        "search__dropdown-results--preview",
        "search__dropdown-preview",
        "tournamentsoftware.com/content/images/flags/ITA.svg",
        "tournamentsoftware.com/images/profile/D09FBF2D-A596-46F5-B290-4AC89F90BFDE/xlarge/D53EDFB2-9B79-4881-BBE2-11EC2F61C7D5.jpg?v=20260119211655",
        "player-profile/d53edfb2-9b79-4881-bbe2-11ec2f61c7d5",
        "player-profile/d53edfb2-9b79-4881-bbe2-11ec2f61c7d5/tournaments",
        "player-profile/d53edfb2-9b79-4881-bbe2-11ec2f61c7d5/ranking",
        "player-profile/d53edfb2-9b79-4881-bbe2-11ec2f61c7d5/biography",
        "tournamentsoftware.com/Content/scripts/dist/chartist.js?v=20240430121207",
        "player-profile/d53edfb2-9b79-4881-bbe2-11ec2f61c7d5/tournaments/2026",
        "player-profile/d53edfb2-9b79-4881-bbe2-11ec2f61c7d5/tournaments/2026/TournamentsForYear"
      ]
    },
    {
      "kind": "profile",
      "player": "Aila Zennaro",
      "url": "https://te.tournamentsoftware.com/player-profile/D53EDFB2-9B79-4881-BBE2-11EC2F61C7D5/matches",
      "status": 200,
      "location": "",
      "title": "Tennis Europe",
      "length": 22902,
      "text": "Tennis Europe Menu Tennis Europe Back to Tennis Europe Home Tournaments Players Ranking Menu Tennis Europe Search Search Please fill in at least 3 characters Log In Menu Log In 404 - Page not found We can't seem to find the page you are looking for. Try one of the following links: Home Tournaments Players Ranking Partners Account Sign up Log in Contact Contact us Help Centre Social media Home See what's new Cookies",
      "links": [
        {
          "url": "https://te.tournamentsoftware.com/",
          "text": "Tennis Europe"
        },
        {
          "url": "https://te.tournamentsoftware.com/",
          "text": "Home"
        },
        {
          "url": "https://te.tournamentsoftware.com/tournaments",
          "text": "Tournaments"
        },
        {
          "url": "https://te.tournamentsoftware.com/find/player",
          "text": "Players"
        },
        {
          "url": "https://te.tournamentsoftware.com/ranking",
          "text": "Ranking"
        },
        {
          "url": "https://te.tournamentsoftware.com/",
          "text": "Tennis Europe"
        },
        {
          "url": "https://te.tournamentsoftware.com/user?returnUrl=%2Ferror%2F404%3Fec%3D404%26404%3Bhttps%3A%2F%2Fte.tournamentsoftware.com%3A443%2Fplayer-profile%2FD53EDFB2-9B79-4881-BBE2-11EC2F61C7D5%2Fmatches",
          "text": "Log In"
        },
        {
          "url": "https://te.tournamentsoftware.com/user?returnUrl=%2Ferror%2F404%3Fec%3D404%26404%3Bhttps%3A%2F%2Fte.tournamentsoftware.com%3A443%2Fplayer-profile%2FD53EDFB2-9B79-4881-BBE2-11EC2F61C7D5%2Fmatches",
          "text": "Log In"
        },
        {
          "url": "https://te.tournamentsoftware.com/",
          "text": "Home"
        },
        {
          "url": "https://te.tournamentsoftware.com/tournaments",
          "text": "Tournaments"
        },
        {
          "url": "https://te.tournamentsoftware.com/find/player",
          "text": "Players"
        },
        {
          "url": "https://te.tournamentsoftware.com/ranking",
          "text": "Ranking"
        },
        {
          "url": "http://bouncesports.co/",
          "text": ""
        },
        {
          "url": "https://www.ionsport.com/",
          "text": ""
        },
        {
          "url": "https://www.minervavirtual.com/mva-for/sport?utm_source=TennisEurope&utm_medium=HomePage&utm_campaign=Website",
          "text": ""
        },
        {
          "url": "http://bouncesports.co/",
          "text": ""
        },
        {
          "url": "https://www.ionsport.com/",
          "text": ""
        },
        {
          "url": "https://www.minervavirtual.com/mva-for/sport?utm_source=TennisEurope&utm_medium=HomePage&utm_campaign=Website",
          "text": ""
        },
        {
          "url": "https://te.tournamentsoftware.com/user/Signup?ReturnUrl=%2Ferror%2F404%3Fec%3D404%26404%3Bhttps%3A%2F%2Fte.tournamentsoftware.com%3A443%2Fplayer-profile%2FD53EDFB2-9B79-4881-BBE2-11EC2F61C7D5%2Fmatches",
          "text": "Sign up"
        },
        {
          "url": "https://te.tournamentsoftware.com/user?ReturnUrl=%2Ferror%2F404%3Fec%3D404%26404%3Bhttps%3A%2F%2Fte.tournamentsoftware.com%3A443%2Fplayer-profile%2FD53EDFB2-9B79-4881-BBE2-11EC2F61C7D5%2Fmatches",
          "text": "Log in"
        }
      ],
      "inputs": [
        "<input id=\"nav-toggle\" role=\"button\" class=\"accessible-hidden menu__toggle\" aria-haspopup=\"true\" type=\"checkbox\">",
        "<input id=\"tertiary-nav-toggle\" role=\"button\" class=\"accessible-hidden menu__toggle\" aria-haspopup=\"true\" type=\"checkbox\">",
        "<input id=\"sidebar-toggle\" role=\"button\" class=\"is-extendable-until-medium accessible-hidden\" aria-haspopup=\"true\" type=\"checkbox\">",
        "<input type=\"search\" name=\"SearchString\" id=\"MastheadSearchInput\" placeholder=\"Search\" spellcheck=\"false\" autocomplete=\"off\" autocorrect=\"off\" autocapitalize=\"off\" data-min-char=\"3\" aria-describedby=\"SearchString-tip\" class=\"form-control search-box__field js-search-box__field\">",
        "<button type=\"button\" class=\"icon-x__trigger js-formcontrol_clear is-hidden\">",
        "<button type=\"button\" class=\"search-box__close js-search-box__close\">"
      ],
      "apiHints": [
        "tournamentsoftware.com",
        "tournaments",
        "tournamentsoftware.com/content/images/themes/te/app/mstile-144x144.png",
        "tournamentsoftware.com/Content/fonts/open-sans/Regular/OpenSans-Regular-webfont.woff2?v=1.0.0",
        "tournamentsoftware.com/Content/fonts/open-sans/SemiBold/OpenSans-SemiBold-webfont.woff2?v=1.0.0",
        "tournamentsoftware.com/Content/fonts/open-sans/Bold/OpenSans-Bold-webfont.woff2?v=1.0.0",
        "tournamentsoftware.com/content/styles/css/themes/te/styles.css?v=20260804121859",
        "tournamentsoftware.com/content/images/themes/te/app/favicon.ico?v=20250415114325",
        "tournamentsoftware.com/content/images/themes/te/app/favicon-32x32.png?v=20250415114325",
        "tournamentsoftware.com/content/images/themes/te/app/apple-touch-icon.png?v=20250321095705",
        "tournamentsoftware.com/content/images/themes/te/app/safari-pinned-tab.svg",
        "tournamentsoftware.com/Content/scripts/dist/jquery-bundle.js?v=20240430121207",
        "tournamentsoftware.com/Content/images/themes/te/logo.svg?v=20250325133019",
        "/tournaments",
        "Tournaments",
        "SearchInput",
        "search_1",
        "search_2",
        "search-initialy-hidden-container",
        "search__main",
        "search-box",
        "SearchString",
        "SearchString-tip",
        "search-box__field",
        "search-box__close",
        "search__dropdown",
        "SearchPreviewContent",
        "search__message",
        "search__dropdown-results",
        "search__dropdown-results--preview",
        "search__dropdown-preview",
        "tournamentsoftware.com%3A443%2Fplayer-profile%2FD53EDFB2-9B79-4881-BBE2-11EC2F61C7D5%2Fmatches",
        "tournamentsoftware-company.com/",
        "search-backdrop",
        "tournamentsoftware.com/Content/scripts/dist/vendor-bundle.js?v=20240430121207",
        "tournamentsoftware.com/Content/scripts/dist/functions-bundle.js?v=20260609105630",
        "searchMinChar",
        "SearchQuery",
        "searchform",
        "searchform.trigger"
      ]
    },
    {
      "kind": "profile",
      "player": "Aila Zennaro",
      "url": "https://te.tournamentsoftware.com/player-profile/D53EDFB2-9B79-4881-BBE2-11EC2F61C7D5/overview",
      "status": 200,
      "location": "",
      "title": "Tennis Europe",
      "length": 22907,
      "text": "Tennis Europe Menu Tennis Europe Back to Tennis Europe Home Tournaments Players Ranking Menu Tennis Europe Search Search Please fill in at least 3 characters Log In Menu Log In 404 - Page not found We can't seem to find the page you are looking for. Try one of the following links: Home Tournaments Players Ranking Partners Account Sign up Log in Contact Contact us Help Centre Social media Home See what's new Cookies",
      "links": [
        {
          "url": "https://te.tournamentsoftware.com/",
          "text": "Tennis Europe"
        },
        {
          "url": "https://te.tournamentsoftware.com/",
          "text": "Home"
        },
        {
          "url": "https://te.tournamentsoftware.com/tournaments",
          "text": "Tournaments"
        },
        {
          "url": "https://te.tournamentsoftware.com/find/player",
          "text": "Players"
        },
        {
          "url": "https://te.tournamentsoftware.com/ranking",
          "text": "Ranking"
        },
        {
          "url": "https://te.tournamentsoftware.com/",
          "text": "Tennis Europe"
        },
        {
          "url": "https://te.tournamentsoftware.com/user?returnUrl=%2Ferror%2F404%3Fec%3D404%26404%3Bhttps%3A%2F%2Fte.tournamentsoftware.com%3A443%2Fplayer-profile%2FD53EDFB2-9B79-4881-BBE2-11EC2F61C7D5%2Foverview",
          "text": "Log In"
        },
        {
          "url": "https://te.tournamentsoftware.com/user?returnUrl=%2Ferror%2F404%3Fec%3D404%26404%3Bhttps%3A%2F%2Fte.tournamentsoftware.com%3A443%2Fplayer-profile%2FD53EDFB2-9B79-4881-BBE2-11EC2F61C7D5%2Foverview",
          "text": "Log In"
        },
        {
          "url": "https://te.tournamentsoftware.com/",
          "text": "Home"
        },
        {
          "url": "https://te.tournamentsoftware.com/tournaments",
          "text": "Tournaments"
        },
        {
          "url": "https://te.tournamentsoftware.com/find/player",
          "text": "Players"
        },
        {
          "url": "https://te.tournamentsoftware.com/ranking",
          "text": "Ranking"
        },
        {
          "url": "http://bouncesports.co/",
          "text": ""
        },
        {
          "url": "https://www.ionsport.com/",
          "text": ""
        },
        {
          "url": "https://www.minervavirtual.com/mva-for/sport?utm_source=TennisEurope&utm_medium=HomePage&utm_campaign=Website",
          "text": ""
        },
        {
          "url": "http://bouncesports.co/",
          "text": ""
        },
        {
          "url": "https://www.ionsport.com/",
          "text": ""
        },
        {
          "url": "https://www.minervavirtual.com/mva-for/sport?utm_source=TennisEurope&utm_medium=HomePage&utm_campaign=Website",
          "text": ""
        },
        {
          "url": "https://te.tournamentsoftware.com/user/Signup?ReturnUrl=%2Ferror%2F404%3Fec%3D404%26404%3Bhttps%3A%2F%2Fte.tournamentsoftware.com%3A443%2Fplayer-profile%2FD53EDFB2-9B79-4881-BBE2-11EC2F61C7D5%2Foverview",
          "text": "Sign up"
        },
        {
          "url": "https://te.tournamentsoftware.com/user?ReturnUrl=%2Ferror%2F404%3Fec%3D404%26404%3Bhttps%3A%2F%2Fte.tournamentsoftware.com%3A443%2Fplayer-profile%2FD53EDFB2-9B79-4881-BBE2-11EC2F61C7D5%2Foverview",
          "text": "Log in"
        }
      ],
      "inputs": [
        "<input id=\"nav-toggle\" role=\"button\" class=\"accessible-hidden menu__toggle\" aria-haspopup=\"true\" type=\"checkbox\">",
        "<input id=\"tertiary-nav-toggle\" role=\"button\" class=\"accessible-hidden menu__toggle\" aria-haspopup=\"true\" type=\"checkbox\">",
        "<input id=\"sidebar-toggle\" role=\"button\" class=\"is-extendable-until-medium accessible-hidden\" aria-haspopup=\"true\" type=\"checkbox\">",
        "<input type=\"search\" name=\"SearchString\" id=\"MastheadSearchInput\" placeholder=\"Search\" spellcheck=\"false\" autocomplete=\"off\" autocorrect=\"off\" autocapitalize=\"off\" data-min-char=\"3\" aria-describedby=\"SearchString-tip\" class=\"form-control search-box__field js-search-box__field\">",
        "<button type=\"button\" class=\"icon-x__trigger js-formcontrol_clear is-hidden\">",
        "<button type=\"button\" class=\"search-box__close js-search-box__close\">"
      ],
      "apiHints": [
        "tournamentsoftware.com",
        "tournaments",
        "tournamentsoftware.com/content/images/themes/te/app/mstile-144x144.png",
        "tournamentsoftware.com/Content/fonts/open-sans/Regular/OpenSans-Regular-webfont.woff2?v=1.0.0",
        "tournamentsoftware.com/Content/fonts/open-sans/SemiBold/OpenSans-SemiBold-webfont.woff2?v=1.0.0",
        "tournamentsoftware.com/Content/fonts/open-sans/Bold/OpenSans-Bold-webfont.woff2?v=1.0.0",
        "tournamentsoftware.com/content/styles/css/themes/te/styles.css?v=20260804121859",
        "tournamentsoftware.com/content/images/themes/te/app/favicon.ico?v=20250415114325",
        "tournamentsoftware.com/content/images/themes/te/app/favicon-32x32.png?v=20250415114325",
        "tournamentsoftware.com/content/images/themes/te/app/apple-touch-icon.png?v=20250321095705",
        "tournamentsoftware.com/content/images/themes/te/app/safari-pinned-tab.svg",
        "tournamentsoftware.com/Content/scripts/dist/jquery-bundle.js?v=20240430121207",
        "tournamentsoftware.com/Content/images/themes/te/logo.svg?v=20250325133019",
        "/tournaments",
        "Tournaments",
        "SearchInput",
        "search_1",
        "search_2",
        "search-initialy-hidden-container",
        "search__main",
        "search-box",
        "SearchString",
        "SearchString-tip",
        "search-box__field",
        "search-box__close",
        "search__dropdown",
        "SearchPreviewContent",
        "search__message",
        "search__dropdown-results",
        "search__dropdown-results--preview",
        "search__dropdown-preview",
        "tournamentsoftware.com%3A443%2Fplayer-profile%2FD53EDFB2-9B79-4881-BBE2-11EC2F61C7D5%2Foverview",
        "tournamentsoftware-company.com/",
        "search-backdrop",
        "tournamentsoftware.com/Content/scripts/dist/vendor-bundle.js?v=20240430121207",
        "tournamentsoftware.com/Content/scripts/dist/functions-bundle.js?v=20260609105630",
        "searchMinChar",
        "SearchQuery",
        "searchform",
        "searchform.trigger"
      ]
    },
    {
      "kind": "profile",
      "player": "Aila Zennaro",
      "url": "https://te.tournamentsoftware.com/player-profile/D53EDFB2-9B79-4881-BBE2-11EC2F61C7D5?tab=tournaments",
      "status": 200,
      "location": "",
      "title": "Tennis Europe",
      "length": 46460,
      "text": "Tennis Europe Menu Tennis Europe Back to Tennis Europe Home Tournaments Players Ranking Menu Tennis Europe Search Search Please fill in at least 3 characters Log In Menu Aila Zennaro Log In AZ Aila Zennaro Singles 30.1 Doubles 35.2 Favourite Overview Tournaments Ranking Biography More Statistics Total Singles Doubles Mixed More Win-Loss Head to Head Career 21 / 25 (46) This year 19 / 14 (33) History L W W W L Win-Loss Head to Head Career 17 / 16 (33) This year 15 / 8 (23) Win-Loss Head to Head Career 4 / 9 (13) This year 4 / 6 (10) Win-Loss Head to Head Career 0 / 0 (0) This year 0 / 0 (0) Tournaments Agno U16 (2) GoAcademy | Agno, Switzerland 09/08/2026 to 15/08/2026 Category 2 Event: GS16 Girls Singles 16 Main Draw Round of 32 Aila ZENNARO W Bye GoAcademy Head to Head AZ ? Head to Head Titles/Finals All 2026 Open de Pully TE U14 GD14 Partners Account Sign up Log in Contact Contact us H",
      "links": [
        {
          "url": "https://te.tournamentsoftware.com/",
          "text": "Tennis Europe"
        },
        {
          "url": "https://te.tournamentsoftware.com/",
          "text": "Home"
        },
        {
          "url": "https://te.tournamentsoftware.com/tournaments",
          "text": "Tournaments"
        },
        {
          "url": "https://te.tournamentsoftware.com/find/player",
          "text": "Players"
        },
        {
          "url": "https://te.tournamentsoftware.com/ranking",
          "text": "Ranking"
        },
        {
          "url": "https://te.tournamentsoftware.com/",
          "text": "Tennis Europe"
        },
        {
          "url": "https://te.tournamentsoftware.com/user?returnUrl=%2Fplayer-profile%2FD53EDFB2-9B79-4881-BBE2-11EC2F61C7D5%3Ftab%3Dtournaments",
          "text": "Log In"
        },
        {
          "url": "https://te.tournamentsoftware.com/player-profile/D53EDFB2-9B79-4881-BBE2-11EC2F61C7D5?tab=tournaments#",
          "text": "Aila Zennaro"
        },
        {
          "url": "https://te.tournamentsoftware.com/user?returnUrl=%2Fplayer-profile%2FD53EDFB2-9B79-4881-BBE2-11EC2F61C7D5%3Ftab%3Dtournaments",
          "text": "Log In"
        },
        {
          "url": "https://te.tournamentsoftware.com/player-profile/d53edfb2-9b79-4881-bbe2-11ec2f61c7d5",
          "text": "Overview"
        },
        {
          "url": "https://te.tournamentsoftware.com/player-profile/d53edfb2-9b79-4881-bbe2-11ec2f61c7d5/tournaments",
          "text": "Tournaments"
        },
        {
          "url": "https://te.tournamentsoftware.com/player-profile/d53edfb2-9b79-4881-bbe2-11ec2f61c7d5/ranking",
          "text": "Ranking"
        },
        {
          "url": "https://te.tournamentsoftware.com/player-profile/d53edfb2-9b79-4881-bbe2-11ec2f61c7d5/biography",
          "text": "Biography"
        },
        {
          "url": "https://te.tournamentsoftware.com/player-profile/D53EDFB2-9B79-4881-BBE2-11EC2F61C7D5?tab=tournaments#tabStatsTotal",
          "text": "Total"
        },
        {
          "url": "https://te.tournamentsoftware.com/player-profile/D53EDFB2-9B79-4881-BBE2-11EC2F61C7D5?tab=tournaments#tabStatsSingles",
          "text": "Singles"
        },
        {
          "url": "https://te.tournamentsoftware.com/player-profile/D53EDFB2-9B79-4881-BBE2-11EC2F61C7D5?tab=tournaments#tabStatsDoubles",
          "text": "Doubles"
        },
        {
          "url": "https://te.tournamentsoftware.com/player-profile/D53EDFB2-9B79-4881-BBE2-11EC2F61C7D5?tab=tournaments#tabStatsMixed",
          "text": "Mixed"
        },
        {
          "url": "https://te.tournamentsoftware.com/head-2-head?OrganizationCode=D09FBF2D-A596-46F5-B290-4AC89F90BFDE&T1P1MemberID=ZEN3089346",
          "text": "Head to Head"
        },
        {
          "url": "https://te.tournamentsoftware.com/head-2-head?OrganizationCode=D09FBF2D-A596-46F5-B290-4AC89F90BFDE&T1P1MemberID=ZEN3089346",
          "text": "Head to Head"
        },
        {
          "url": "https://te.tournamentsoftware.com/head-2-head?OrganizationCode=D09FBF2D-A596-46F5-B290-4AC89F90BFDE&T1P1MemberID=ZEN3089346",
          "text": "Head to Head"
        }
      ],
      "inputs": [
        "<input id=\"nav-toggle\" role=\"button\" class=\"accessible-hidden menu__toggle\" aria-haspopup=\"true\" type=\"checkbox\">",
        "<input id=\"tertiary-nav-toggle\" role=\"button\" class=\"accessible-hidden menu__toggle\" aria-haspopup=\"true\" type=\"checkbox\">",
        "<input id=\"sidebar-toggle\" role=\"button\" class=\"is-extendable-until-medium accessible-hidden\" aria-haspopup=\"true\" type=\"checkbox\">",
        "<input type=\"search\" name=\"SearchString\" id=\"MastheadSearchInput\" placeholder=\"Search\" spellcheck=\"false\" autocomplete=\"off\" autocorrect=\"off\" autocapitalize=\"off\" data-min-char=\"3\" aria-describedby=\"SearchString-tip\" class=\"form-control search-box__field js-search-box__field\">",
        "<button type=\"button\" class=\"icon-x__trigger js-formcontrol_clear is-hidden\">",
        "<button type=\"button\" class=\"search-box__close js-search-box__close\">",
        "<button type=\"button\"\r\n    class=\"btn--rectangle btn--outline-mono media__favorite js-userlisttoggle btn--tiny btn\"\r\n    data-uldatatype=\"2\"\r\n    data-ultype=\"1\"\r\n    data-uldata1=\"D09FBF2D-A596-46F5-B290-4AC89F90BFDE\"\r\n    data-uldata2=\"d53edfb2-9b79-4881-bbe2-11ec2f61c7d5\"\r\n    data-uldata3=\"\"\r\n    data-uldata4=\"\"\r\n    data-toggle=\"tooltip\"\r\n    data-placement=\"left\"\r\n    data-trigger=\"manual\">"
      ],
      "apiHints": [
        "tournamentsoftware.com",
        "tournaments",
        "tournamentsoftware.com/content/images/themes/te/app/mstile-144x144.png",
        "tournamentsoftware.com/Content/fonts/open-sans/Regular/OpenSans-Regular-webfont.woff2?v=1.0.0",
        "tournamentsoftware.com/Content/fonts/open-sans/SemiBold/OpenSans-SemiBold-webfont.woff2?v=1.0.0",
        "tournamentsoftware.com/Content/fonts/open-sans/Bold/OpenSans-Bold-webfont.woff2?v=1.0.0",
        "tournamentsoftware.com/content/styles/css/themes/te/styles.css?v=20260804121859",
        "tournamentsoftware.com/content/images/themes/te/app/favicon.ico?v=20250415114325",
        "tournamentsoftware.com/content/images/themes/te/app/favicon-32x32.png?v=20250415114325",
        "tournamentsoftware.com/content/images/themes/te/app/apple-touch-icon.png?v=20250321095705",
        "tournamentsoftware.com/content/images/themes/te/app/safari-pinned-tab.svg",
        "tournamentsoftware.com/Content/scripts/dist/jquery-bundle.js?v=20240430121207",
        "tournamentsoftware.com/Content/images/themes/te/logo.svg?v=20250325133019",
        "/tournaments",
        "Tournaments",
        "SearchInput",
        "search_1",
        "search_2",
        "search-initialy-hidden-container",
        "search__main",
        "search-box",
        "SearchString",
        "SearchString-tip",
        "search-box__field",
        "search-box__close",
        "search__dropdown",
        "SearchPreviewContent",
        "search__message",
        "search__dropdown-results",
        "search__dropdown-results--preview",
        "search__dropdown-preview",
        "tournamentsoftware.com/content/images/flags/ITA.svg",
        "tournamentsoftware.com/images/profile/D09FBF2D-A596-46F5-B290-4AC89F90BFDE/xlarge/D53EDFB2-9B79-4881-BBE2-11EC2F61C7D5.jpg?v=20260119211655",
        "player-profile/d53edfb2-9b79-4881-bbe2-11ec2f61c7d5",
        "player-profile/d53edfb2-9b79-4881-bbe2-11ec2f61c7d5/tournaments",
        "player-profile/d53edfb2-9b79-4881-bbe2-11ec2f61c7d5/ranking",
        "player-profile/d53edfb2-9b79-4881-bbe2-11ec2f61c7d5/biography",
        "tournamentsoftware.com/Content/scripts/dist/chartist.js?v=20240430121207",
        "/sport/tournament?id=B43C14DB-7AB5-477D-B470-46FACAD7F187",
        "tournamentsoftware.com/images/club/event-no-photo.svg"
      ]
    },
    {
      "kind": "profile",
      "player": "Aila Zennaro",
      "url": "https://te.tournamentsoftware.com/player-profile/D53EDFB2-9B79-4881-BBE2-11EC2F61C7D5?tab=matches",
      "status": 200,
      "location": "",
      "title": "Tennis Europe",
      "length": 46440,
      "text": "Tennis Europe Menu Tennis Europe Back to Tennis Europe Home Tournaments Players Ranking Menu Tennis Europe Search Search Please fill in at least 3 characters Log In Menu Aila Zennaro Log In AZ Aila Zennaro Singles 30.1 Doubles 35.2 Favourite Overview Tournaments Ranking Biography More Statistics Total Singles Doubles Mixed More Win-Loss Head to Head Career 21 / 25 (46) This year 19 / 14 (33) History L W W W L Win-Loss Head to Head Career 17 / 16 (33) This year 15 / 8 (23) Win-Loss Head to Head Career 4 / 9 (13) This year 4 / 6 (10) Win-Loss Head to Head Career 0 / 0 (0) This year 0 / 0 (0) Tournaments Agno U16 (2) GoAcademy | Agno, Switzerland 09/08/2026 to 15/08/2026 Category 2 Event: GS16 Girls Singles 16 Main Draw Round of 32 Aila ZENNARO W Bye GoAcademy Head to Head AZ ? Head to Head Titles/Finals All 2026 Open de Pully TE U14 GD14 Partners Account Sign up Log in Contact Contact us H",
      "links": [
        {
          "url": "https://te.tournamentsoftware.com/",
          "text": "Tennis Europe"
        },
        {
          "url": "https://te.tournamentsoftware.com/",
          "text": "Home"
        },
        {
          "url": "https://te.tournamentsoftware.com/tournaments",
          "text": "Tournaments"
        },
        {
          "url": "https://te.tournamentsoftware.com/find/player",
          "text": "Players"
        },
        {
          "url": "https://te.tournamentsoftware.com/ranking",
          "text": "Ranking"
        },
        {
          "url": "https://te.tournamentsoftware.com/",
          "text": "Tennis Europe"
        },
        {
          "url": "https://te.tournamentsoftware.com/user?returnUrl=%2Fplayer-profile%2FD53EDFB2-9B79-4881-BBE2-11EC2F61C7D5%3Ftab%3Dmatches",
          "text": "Log In"
        },
        {
          "url": "https://te.tournamentsoftware.com/player-profile/D53EDFB2-9B79-4881-BBE2-11EC2F61C7D5?tab=matches#",
          "text": "Aila Zennaro"
        },
        {
          "url": "https://te.tournamentsoftware.com/user?returnUrl=%2Fplayer-profile%2FD53EDFB2-9B79-4881-BBE2-11EC2F61C7D5%3Ftab%3Dmatches",
          "text": "Log In"
        },
        {
          "url": "https://te.tournamentsoftware.com/player-profile/d53edfb2-9b79-4881-bbe2-11ec2f61c7d5",
          "text": "Overview"
        },
        {
          "url": "https://te.tournamentsoftware.com/player-profile/d53edfb2-9b79-4881-bbe2-11ec2f61c7d5/tournaments",
          "text": "Tournaments"
        },
        {
          "url": "https://te.tournamentsoftware.com/player-profile/d53edfb2-9b79-4881-bbe2-11ec2f61c7d5/ranking",
          "text": "Ranking"
        },
        {
          "url": "https://te.tournamentsoftware.com/player-profile/d53edfb2-9b79-4881-bbe2-11ec2f61c7d5/biography",
          "text": "Biography"
        },
        {
          "url": "https://te.tournamentsoftware.com/player-profile/D53EDFB2-9B79-4881-BBE2-11EC2F61C7D5?tab=matches#tabStatsTotal",
          "text": "Total"
        },
        {
          "url": "https://te.tournamentsoftware.com/player-profile/D53EDFB2-9B79-4881-BBE2-11EC2F61C7D5?tab=matches#tabStatsSingles",
          "text": "Singles"
        },
        {
          "url": "https://te.tournamentsoftware.com/player-profile/D53EDFB2-9B79-4881-BBE2-11EC2F61C7D5?tab=matches#tabStatsDoubles",
          "text": "Doubles"
        },
        {
          "url": "https://te.tournamentsoftware.com/player-profile/D53EDFB2-9B79-4881-BBE2-11EC2F61C7D5?tab=matches#tabStatsMixed",
          "text": "Mixed"
        },
        {
          "url": "https://te.tournamentsoftware.com/head-2-head?OrganizationCode=D09FBF2D-A596-46F5-B290-4AC89F90BFDE&T1P1MemberID=ZEN3089346",
          "text": "Head to Head"
        },
        {
          "url": "https://te.tournamentsoftware.com/head-2-head?OrganizationCode=D09FBF2D-A596-46F5-B290-4AC89F90BFDE&T1P1MemberID=ZEN3089346",
          "text": "Head to Head"
        },
        {
          "url": "https://te.tournamentsoftware.com/head-2-head?OrganizationCode=D09FBF2D-A596-46F5-B290-4AC89F90BFDE&T1P1MemberID=ZEN3089346",
          "text": "Head to Head"
        }
      ],
      "inputs": [
        "<input id=\"nav-toggle\" role=\"button\" class=\"accessible-hidden menu__toggle\" aria-haspopup=\"true\" type=\"checkbox\">",
        "<input id=\"tertiary-nav-toggle\" role=\"button\" class=\"accessible-hidden menu__toggle\" aria-haspopup=\"true\" type=\"checkbox\">",
        "<input id=\"sidebar-toggle\" role=\"button\" class=\"is-extendable-until-medium accessible-hidden\" aria-haspopup=\"true\" type=\"checkbox\">",
        "<input type=\"search\" name=\"SearchString\" id=\"MastheadSearchInput\" placeholder=\"Search\" spellcheck=\"false\" autocomplete=\"off\" autocorrect=\"off\" autocapitalize=\"off\" data-min-char=\"3\" aria-describedby=\"SearchString-tip\" class=\"form-control search-box__field js-search-box__field\">",
        "<button type=\"button\" class=\"icon-x__trigger js-formcontrol_clear is-hidden\">",
        "<button type=\"button\" class=\"search-box__close js-search-box__close\">",
        "<button type=\"button\"\r\n    class=\"btn--rectangle btn--outline-mono media__favorite js-userlisttoggle btn--tiny btn\"\r\n    data-uldatatype=\"2\"\r\n    data-ultype=\"1\"\r\n    data-uldata1=\"D09FBF2D-A596-46F5-B290-4AC89F90BFDE\"\r\n    data-uldata2=\"d53edfb2-9b79-4881-bbe2-11ec2f61c7d5\"\r\n    data-uldata3=\"\"\r\n    data-uldata4=\"\"\r\n    data-toggle=\"tooltip\"\r\n    data-placement=\"left\"\r\n    data-trigger=\"manual\">"
      ],
      "apiHints": [
        "tournamentsoftware.com",
        "tournaments",
        "tournamentsoftware.com/content/images/themes/te/app/mstile-144x144.png",
        "tournamentsoftware.com/Content/fonts/open-sans/Regular/OpenSans-Regular-webfont.woff2?v=1.0.0",
        "tournamentsoftware.com/Content/fonts/open-sans/SemiBold/OpenSans-SemiBold-webfont.woff2?v=1.0.0",
        "tournamentsoftware.com/Content/fonts/open-sans/Bold/OpenSans-Bold-webfont.woff2?v=1.0.0",
        "tournamentsoftware.com/content/styles/css/themes/te/styles.css?v=20260804121859",
        "tournamentsoftware.com/content/images/themes/te/app/favicon.ico?v=20250415114325",
        "tournamentsoftware.com/content/images/themes/te/app/favicon-32x32.png?v=20250415114325",
        "tournamentsoftware.com/content/images/themes/te/app/apple-touch-icon.png?v=20250321095705",
        "tournamentsoftware.com/content/images/themes/te/app/safari-pinned-tab.svg",
        "tournamentsoftware.com/Content/scripts/dist/jquery-bundle.js?v=20240430121207",
        "tournamentsoftware.com/Content/images/themes/te/logo.svg?v=20250325133019",
        "/tournaments",
        "Tournaments",
        "SearchInput",
        "search_1",
        "search_2",
        "search-initialy-hidden-container",
        "search__main",
        "search-box",
        "SearchString",
        "SearchString-tip",
        "search-box__field",
        "search-box__close",
        "search__dropdown",
        "SearchPreviewContent",
        "search__message",
        "search__dropdown-results",
        "search__dropdown-results--preview",
        "search__dropdown-preview",
        "tournamentsoftware.com/content/images/flags/ITA.svg",
        "tournamentsoftware.com/images/profile/D09FBF2D-A596-46F5-B290-4AC89F90BFDE/xlarge/D53EDFB2-9B79-4881-BBE2-11EC2F61C7D5.jpg?v=20260119211655",
        "player-profile/d53edfb2-9b79-4881-bbe2-11ec2f61c7d5",
        "player-profile/d53edfb2-9b79-4881-bbe2-11ec2f61c7d5/tournaments",
        "player-profile/d53edfb2-9b79-4881-bbe2-11ec2f61c7d5/ranking",
        "player-profile/d53edfb2-9b79-4881-bbe2-11ec2f61c7d5/biography",
        "tournamentsoftware.com/Content/scripts/dist/chartist.js?v=20240430121207",
        "/sport/tournament?id=B43C14DB-7AB5-477D-B470-46FACAD7F187",
        "tournamentsoftware.com/images/club/event-no-photo.svg"
      ]
    },
    {
      "kind": "profile",
      "player": "Aila Zennaro",
      "url": "https://te.tournamentsoftware.com/player-profile/D53EDFB2-9B79-4881-BBE2-11EC2F61C7D5",
      "status": 200,
      "location": "",
      "title": "Tennis Europe",
      "length": 46360,
      "text": "Tennis Europe Menu Tennis Europe Back to Tennis Europe Home Tournaments Players Ranking Menu Tennis Europe Search Search Please fill in at least 3 characters Log In Menu Aila Zennaro Log In AZ Aila Zennaro Singles 30.1 Doubles 35.2 Favourite Overview Tournaments Ranking Biography More Statistics Total Singles Doubles Mixed More Win-Loss Head to Head Career 21 / 25 (46) This year 19 / 14 (33) History L W W W L Win-Loss Head to Head Career 17 / 16 (33) This year 15 / 8 (23) Win-Loss Head to Head Career 4 / 9 (13) This year 4 / 6 (10) Win-Loss Head to Head Career 0 / 0 (0) This year 0 / 0 (0) Tournaments Agno U16 (2) GoAcademy | Agno, Switzerland 09/08/2026 to 15/08/2026 Category 2 Event: GS16 Girls Singles 16 Main Draw Round of 32 Aila ZENNARO W Bye GoAcademy Head to Head AZ ? Head to Head Titles/Finals All 2026 Open de Pully TE U14 GD14 Partners Account Sign up Log in Contact Contact us H",
      "links": [
        {
          "url": "https://te.tournamentsoftware.com/",
          "text": "Tennis Europe"
        },
        {
          "url": "https://te.tournamentsoftware.com/",
          "text": "Home"
        },
        {
          "url": "https://te.tournamentsoftware.com/tournaments",
          "text": "Tournaments"
        },
        {
          "url": "https://te.tournamentsoftware.com/find/player",
          "text": "Players"
        },
        {
          "url": "https://te.tournamentsoftware.com/ranking",
          "text": "Ranking"
        },
        {
          "url": "https://te.tournamentsoftware.com/",
          "text": "Tennis Europe"
        },
        {
          "url": "https://te.tournamentsoftware.com/user?returnUrl=%2Fplayer-profile%2FD53EDFB2-9B79-4881-BBE2-11EC2F61C7D5",
          "text": "Log In"
        },
        {
          "url": "https://te.tournamentsoftware.com/player-profile/D53EDFB2-9B79-4881-BBE2-11EC2F61C7D5#",
          "text": "Aila Zennaro"
        },
        {
          "url": "https://te.tournamentsoftware.com/user?returnUrl=%2Fplayer-profile%2FD53EDFB2-9B79-4881-BBE2-11EC2F61C7D5",
          "text": "Log In"
        },
        {
          "url": "https://te.tournamentsoftware.com/player-profile/d53edfb2-9b79-4881-bbe2-11ec2f61c7d5",
          "text": "Overview"
        },
        {
          "url": "https://te.tournamentsoftware.com/player-profile/d53edfb2-9b79-4881-bbe2-11ec2f61c7d5/tournaments",
          "text": "Tournaments"
        },
        {
          "url": "https://te.tournamentsoftware.com/player-profile/d53edfb2-9b79-4881-bbe2-11ec2f61c7d5/ranking",
          "text": "Ranking"
        },
        {
          "url": "https://te.tournamentsoftware.com/player-profile/d53edfb2-9b79-4881-bbe2-11ec2f61c7d5/biography",
          "text": "Biography"
        },
        {
          "url": "https://te.tournamentsoftware.com/player-profile/D53EDFB2-9B79-4881-BBE2-11EC2F61C7D5#tabStatsTotal",
          "text": "Total"
        },
        {
          "url": "https://te.tournamentsoftware.com/player-profile/D53EDFB2-9B79-4881-BBE2-11EC2F61C7D5#tabStatsSingles",
          "text": "Singles"
        },
        {
          "url": "https://te.tournamentsoftware.com/player-profile/D53EDFB2-9B79-4881-BBE2-11EC2F61C7D5#tabStatsDoubles",
          "text": "Doubles"
        },
        {
          "url": "https://te.tournamentsoftware.com/player-profile/D53EDFB2-9B79-4881-BBE2-11EC2F61C7D5#tabStatsMixed",
          "text": "Mixed"
        },
        {
          "url": "https://te.tournamentsoftware.com/head-2-head?OrganizationCode=D09FBF2D-A596-46F5-B290-4AC89F90BFDE&T1P1MemberID=ZEN3089346",
          "text": "Head to Head"
        },
        {
          "url": "https://te.tournamentsoftware.com/head-2-head?OrganizationCode=D09FBF2D-A596-46F5-B290-4AC89F90BFDE&T1P1MemberID=ZEN3089346",
          "text": "Head to Head"
        },
        {
          "url": "https://te.tournamentsoftware.com/head-2-head?OrganizationCode=D09FBF2D-A596-46F5-B290-4AC89F90BFDE&T1P1MemberID=ZEN3089346",
          "text": "Head to Head"
        }
      ],
      "inputs": [
        "<input id=\"nav-toggle\" role=\"button\" class=\"accessible-hidden menu__toggle\" aria-haspopup=\"true\" type=\"checkbox\">",
        "<input id=\"tertiary-nav-toggle\" role=\"button\" class=\"accessible-hidden menu__toggle\" aria-haspopup=\"true\" type=\"checkbox\">",
        "<input id=\"sidebar-toggle\" role=\"button\" class=\"is-extendable-until-medium accessible-hidden\" aria-haspopup=\"true\" type=\"checkbox\">",
        "<input type=\"search\" name=\"SearchString\" id=\"MastheadSearchInput\" placeholder=\"Search\" spellcheck=\"false\" autocomplete=\"off\" autocorrect=\"off\" autocapitalize=\"off\" data-min-char=\"3\" aria-describedby=\"SearchString-tip\" class=\"form-control search-box__field js-search-box__field\">",
        "<button type=\"button\" class=\"icon-x__trigger js-formcontrol_clear is-hidden\">",
        "<button type=\"button\" class=\"search-box__close js-search-box__close\">",
        "<button type=\"button\"\r\n    class=\"btn--rectangle btn--outline-mono media__favorite js-userlisttoggle btn--tiny btn\"\r\n    data-uldatatype=\"2\"\r\n    data-ultype=\"1\"\r\n    data-uldata1=\"D09FBF2D-A596-46F5-B290-4AC89F90BFDE\"\r\n    data-uldata2=\"d53edfb2-9b79-4881-bbe2-11ec2f61c7d5\"\r\n    data-uldata3=\"\"\r\n    data-uldata4=\"\"\r\n    data-toggle=\"tooltip\"\r\n    data-placement=\"left\"\r\n    data-trigger=\"manual\">"
      ],
      "apiHints": [
        "tournamentsoftware.com",
        "tournaments",
        "tournamentsoftware.com/content/images/themes/te/app/mstile-144x144.png",
        "tournamentsoftware.com/Content/fonts/open-sans/Regular/OpenSans-Regular-webfont.woff2?v=1.0.0",
        "tournamentsoftware.com/Content/fonts/open-sans/SemiBold/OpenSans-SemiBold-webfont.woff2?v=1.0.0",
        "tournamentsoftware.com/Content/fonts/open-sans/Bold/OpenSans-Bold-webfont.woff2?v=1.0.0",
        "tournamentsoftware.com/content/styles/css/themes/te/styles.css?v=20260804121859",
        "tournamentsoftware.com/content/images/themes/te/app/favicon.ico?v=20250415114325",
        "tournamentsoftware.com/content/images/themes/te/app/favicon-32x32.png?v=20250415114325",
        "tournamentsoftware.com/content/images/themes/te/app/apple-touch-icon.png?v=20250321095705",
        "tournamentsoftware.com/content/images/themes/te/app/safari-pinned-tab.svg",
        "tournamentsoftware.com/Content/scripts/dist/jquery-bundle.js?v=20240430121207",
        "tournamentsoftware.com/Content/images/themes/te/logo.svg?v=20250325133019",
        "/tournaments",
        "Tournaments",
        "SearchInput",
        "search_1",
        "search_2",
        "search-initialy-hidden-container",
        "search__main",
        "search-box",
        "SearchString",
        "SearchString-tip",
        "search-box__field",
        "search-box__close",
        "search__dropdown",
        "SearchPreviewContent",
        "search__message",
        "search__dropdown-results",
        "search__dropdown-results--preview",
        "search__dropdown-preview",
        "tournamentsoftware.com/content/images/flags/ITA.svg",
        "tournamentsoftware.com/images/profile/D09FBF2D-A596-46F5-B290-4AC89F90BFDE/xlarge/D53EDFB2-9B79-4881-BBE2-11EC2F61C7D5.jpg?v=20260119211655",
        "player-profile/d53edfb2-9b79-4881-bbe2-11ec2f61c7d5",
        "player-profile/d53edfb2-9b79-4881-bbe2-11ec2f61c7d5/tournaments",
        "player-profile/d53edfb2-9b79-4881-bbe2-11ec2f61c7d5/ranking",
        "player-profile/d53edfb2-9b79-4881-bbe2-11ec2f61c7d5/biography",
        "tournamentsoftware.com/Content/scripts/dist/chartist.js?v=20240430121207",
        "/sport/tournament?id=B43C14DB-7AB5-477D-B470-46FACAD7F187",
        "tournamentsoftware.com/images/club/event-no-photo.svg"
      ]
    },
    {
      "kind": "profile",
      "player": "Aila Zennaro",
      "url": "https://te.tournamentsoftware.com/player-profile/D53EDFB2-9B79-4881-BBE2-11EC2F61C7D5/tournaments",
      "status": 200,
      "location": "",
      "title": "Tennis Europe",
      "length": 194905,
      "text": "Tennis Europe Menu Tennis Europe Back to Tennis Europe Home Tournaments Players Ranking Menu Tennis Europe Search Search Please fill in at least 3 characters Log In Menu Aila Zennaro Log In AZ Aila Zennaro Singles 30.1 Doubles 35.2 Favourite Overview Tournaments Ranking Biography More 2026 2025 2024 More Agno U16 (2) GoAcademy | Agno, Switzerland 09/08/2026 to 15/08/2026 Category 2 Event: GS16 Girls Singles 16 Main Draw Round of 32 Aila ZENNARO W Bye GoAcademy Torneo U14 - Sassuolo Sporting Club Sassuolo | Sassuolo, Italy 18/07/2026 to 25/07/2026 Category 3 Event: GD14 Girls Doubles 14 Main Draw Round of 16 Hanna SARBACH Aila ZENNARO W Bye Sporting Club Sassuolo Quarter final Hanna SARBACH Aila ZENNARO L Juno CHIODELLI Gaia SERRA ZANETTI 2 6 1 6 H2H Tue 21/07/2026 Sporting Club Sassuolo - Court 2 Event: GS14 Girls Singles 14 Main Draw Round of 32 Maxine SOLER Aila ZENNARO W 2 6 2 6 H2H T",
      "links": [
        {
          "url": "https://te.tournamentsoftware.com/",
          "text": "Tennis Europe"
        },
        {
          "url": "https://te.tournamentsoftware.com/",
          "text": "Home"
        },
        {
          "url": "https://te.tournamentsoftware.com/tournaments",
          "text": "Tournaments"
        },
        {
          "url": "https://te.tournamentsoftware.com/find/player",
          "text": "Players"
        },
        {
          "url": "https://te.tournamentsoftware.com/ranking",
          "text": "Ranking"
        },
        {
          "url": "https://te.tournamentsoftware.com/",
          "text": "Tennis Europe"
        },
        {
          "url": "https://te.tournamentsoftware.com/user?returnUrl=%2Fplayer-profile%2FD53EDFB2-9B79-4881-BBE2-11EC2F61C7D5%2Ftournaments",
          "text": "Log In"
        },
        {
          "url": "https://te.tournamentsoftware.com/player-profile/D53EDFB2-9B79-4881-BBE2-11EC2F61C7D5/tournaments#",
          "text": "Aila Zennaro"
        },
        {
          "url": "https://te.tournamentsoftware.com/user?returnUrl=%2Fplayer-profile%2FD53EDFB2-9B79-4881-BBE2-11EC2F61C7D5%2Ftournaments",
          "text": "Log In"
        },
        {
          "url": "https://te.tournamentsoftware.com/player-profile/d53edfb2-9b79-4881-bbe2-11ec2f61c7d5",
          "text": "Overview"
        },
        {
          "url": "https://te.tournamentsoftware.com/player-profile/d53edfb2-9b79-4881-bbe2-11ec2f61c7d5/tournaments",
          "text": "Tournaments"
        },
        {
          "url": "https://te.tournamentsoftware.com/player-profile/d53edfb2-9b79-4881-bbe2-11ec2f61c7d5/ranking",
          "text": "Ranking"
        },
        {
          "url": "https://te.tournamentsoftware.com/player-profile/d53edfb2-9b79-4881-bbe2-11ec2f61c7d5/biography",
          "text": "Biography"
        },
        {
          "url": "https://te.tournamentsoftware.com/player-profile/d53edfb2-9b79-4881-bbe2-11ec2f61c7d5/tournaments/2026/TournamentsForYear",
          "text": "2026"
        },
        {
          "url": "https://te.tournamentsoftware.com/player-profile/d53edfb2-9b79-4881-bbe2-11ec2f61c7d5/tournaments/2025/TournamentsForYear",
          "text": "2025"
        },
        {
          "url": "https://te.tournamentsoftware.com/player-profile/d53edfb2-9b79-4881-bbe2-11ec2f61c7d5/tournaments/2024/TournamentsForYear",
          "text": "2024"
        },
        {
          "url": "https://te.tournamentsoftware.com/sport/tournament?id=B43C14DB-7AB5-477D-B470-46FACAD7F187",
          "text": ""
        },
        {
          "url": "https://te.tournamentsoftware.com/sport/tournament?id=B43C14DB-7AB5-477D-B470-46FACAD7F187",
          "text": "Agno U16 (2)"
        },
        {
          "url": "https://te.tournamentsoftware.com/sport/draw.aspx?id=B43C14DB-7AB5-477D-B470-46FACAD7F187&draw=3",
          "text": "Girls Singles 16 Main Draw"
        },
        {
          "url": "https://te.tournamentsoftware.com/sport/player.aspx?id=B43C14DB-7AB5-477D-B470-46FACAD7F187&player=5",
          "text": "Aila ZENNARO"
        }
      ],
      "inputs": [
        "<input id=\"nav-toggle\" role=\"button\" class=\"accessible-hidden menu__toggle\" aria-haspopup=\"true\" type=\"checkbox\">",
        "<input id=\"tertiary-nav-toggle\" role=\"button\" class=\"accessible-hidden menu__toggle\" aria-haspopup=\"true\" type=\"checkbox\">",
        "<input id=\"sidebar-toggle\" role=\"button\" class=\"is-extendable-until-medium accessible-hidden\" aria-haspopup=\"true\" type=\"checkbox\">",
        "<input type=\"search\" name=\"SearchString\" id=\"MastheadSearchInput\" placeholder=\"Search\" spellcheck=\"false\" autocomplete=\"off\" autocorrect=\"off\" autocapitalize=\"off\" data-min-char=\"3\" aria-describedby=\"SearchString-tip\" class=\"form-control search-box__field js-search-box__field\">",
        "<button type=\"button\" class=\"icon-x__trigger js-formcontrol_clear is-hidden\">",
        "<button type=\"button\" class=\"search-box__close js-search-box__close\">",
        "<button type=\"button\"\r\n    class=\"btn--rectangle btn--outline-mono media__favorite js-userlisttoggle btn--tiny btn\"\r\n    data-uldatatype=\"2\"\r\n    data-ultype=\"1\"\r\n    data-uldata1=\"D09FBF2D-A596-46F5-B290-4AC89F90BFDE\"\r\n    data-uldata2=\"d53edfb2-9b79-4881-bbe2-11ec2f61c7d5\"\r\n    data-uldata3=\"\"\r\n    data-uldata4=\"\"\r\n    data-toggle=\"tooltip\"\r\n    data-placement=\"left\"\r\n    data-trigger=\"manual\">"
      ],
      "apiHints": [
        "tournamentsoftware.com",
        "tournaments",
        "tournamentsoftware.com/content/images/themes/te/app/mstile-144x144.png",
        "tournamentsoftware.com/Content/fonts/open-sans/Regular/OpenSans-Regular-webfont.woff2?v=1.0.0",
        "tournamentsoftware.com/Content/fonts/open-sans/SemiBold/OpenSans-SemiBold-webfont.woff2?v=1.0.0",
        "tournamentsoftware.com/Content/fonts/open-sans/Bold/OpenSans-Bold-webfont.woff2?v=1.0.0",
        "tournamentsoftware.com/content/styles/css/themes/te/styles.css?v=20260804121859",
        "tournamentsoftware.com/content/images/themes/te/app/favicon.ico?v=20250415114325",
        "tournamentsoftware.com/content/images/themes/te/app/favicon-32x32.png?v=20250415114325",
        "tournamentsoftware.com/content/images/themes/te/app/apple-touch-icon.png?v=20250321095705",
        "tournamentsoftware.com/content/images/themes/te/app/safari-pinned-tab.svg",
        "tournamentsoftware.com/Content/scripts/dist/jquery-bundle.js?v=20240430121207",
        "tournamentsoftware.com/Content/images/themes/te/logo.svg?v=20250325133019",
        "/tournaments",
        "Tournaments",
        "SearchInput",
        "search_1",
        "search_2",
        "search-initialy-hidden-container",
        "search__main",
        "search-box",
        "SearchString",
        "SearchString-tip",
        "search-box__field",
        "search-box__close",
        "search__dropdown",
        "SearchPreviewContent",
        "search__message",
        "search__dropdown-results",
        "search__dropdown-results--preview",
        "search__dropdown-preview",
        "tournamentsoftware.com/content/images/flags/ITA.svg",
        "tournamentsoftware.com/images/profile/D09FBF2D-A596-46F5-B290-4AC89F90BFDE/xlarge/D53EDFB2-9B79-4881-BBE2-11EC2F61C7D5.jpg?v=20260119211655",
        "player-profile/d53edfb2-9b79-4881-bbe2-11ec2f61c7d5",
        "player-profile/d53edfb2-9b79-4881-bbe2-11ec2f61c7d5/tournaments",
        "player-profile/d53edfb2-9b79-4881-bbe2-11ec2f61c7d5/ranking",
        "player-profile/d53edfb2-9b79-4881-bbe2-11ec2f61c7d5/biography",
        "tournamentsoftware.com/Content/scripts/dist/chartist.js?v=20240430121207",
        "player-profile/d53edfb2-9b79-4881-bbe2-11ec2f61c7d5/tournaments/2026",
        "player-profile/d53edfb2-9b79-4881-bbe2-11ec2f61c7d5/tournaments/2026/TournamentsForYear"
      ]
    },
    {
      "kind": "profile",
      "player": "Aila Zennaro",
      "url": "https://te.tournamentsoftware.com/player-profile/D53EDFB2-9B79-4881-BBE2-11EC2F61C7D5/matches",
      "status": 200,
      "location": "",
      "title": "Tennis Europe",
      "length": 22902,
      "text": "Tennis Europe Menu Tennis Europe Back to Tennis Europe Home Tournaments Players Ranking Menu Tennis Europe Search Search Please fill in at least 3 characters Log In Menu Log In 404 - Page not found We can't seem to find the page you are looking for. Try one of the following links: Home Tournaments Players Ranking Partners Account Sign up Log in Contact Contact us Help Centre Social media Home See what's new Cookies",
      "links": [
        {
          "url": "https://te.tournamentsoftware.com/",
          "text": "Tennis Europe"
        },
        {
          "url": "https://te.tournamentsoftware.com/",
          "text": "Home"
        },
        {
          "url": "https://te.tournamentsoftware.com/tournaments",
          "text": "Tournaments"
        },
        {
          "url": "https://te.tournamentsoftware.com/find/player",
          "text": "Players"
        },
        {
          "url": "https://te.tournamentsoftware.com/ranking",
          "text": "Ranking"
        },
        {
          "url": "https://te.tournamentsoftware.com/",
          "text": "Tennis Europe"
        },
        {
          "url": "https://te.tournamentsoftware.com/user?returnUrl=%2Ferror%2F404%3Fec%3D404%26404%3Bhttps%3A%2F%2Fte.tournamentsoftware.com%3A443%2Fplayer-profile%2FD53EDFB2-9B79-4881-BBE2-11EC2F61C7D5%2Fmatches",
          "text": "Log In"
        },
        {
          "url": "https://te.tournamentsoftware.com/user?returnUrl=%2Ferror%2F404%3Fec%3D404%26404%3Bhttps%3A%2F%2Fte.tournamentsoftware.com%3A443%2Fplayer-profile%2FD53EDFB2-9B79-4881-BBE2-11EC2F61C7D5%2Fmatches",
          "text": "Log In"
        },
        {
          "url": "https://te.tournamentsoftware.com/",
          "text": "Home"
        },
        {
          "url": "https://te.tournamentsoftware.com/tournaments",
          "text": "Tournaments"
        },
        {
          "url": "https://te.tournamentsoftware.com/find/player",
          "text": "Players"
        },
        {
          "url": "https://te.tournamentsoftware.com/ranking",
          "text": "Ranking"
        },
        {
          "url": "http://bouncesports.co/",
          "text": ""
        },
        {
          "url": "https://www.ionsport.com/",
          "text": ""
        },
        {
          "url": "https://www.minervavirtual.com/mva-for/sport?utm_source=TennisEurope&utm_medium=HomePage&utm_campaign=Website",
          "text": ""
        },
        {
          "url": "http://bouncesports.co/",
          "text": ""
        },
        {
          "url": "https://www.ionsport.com/",
          "text": ""
        },
        {
          "url": "https://www.minervavirtual.com/mva-for/sport?utm_source=TennisEurope&utm_medium=HomePage&utm_campaign=Website",
          "text": ""
        },
        {
          "url": "https://te.tournamentsoftware.com/user/Signup?ReturnUrl=%2Ferror%2F404%3Fec%3D404%26404%3Bhttps%3A%2F%2Fte.tournamentsoftware.com%3A443%2Fplayer-profile%2FD53EDFB2-9B79-4881-BBE2-11EC2F61C7D5%2Fmatches",
          "text": "Sign up"
        },
        {
          "url": "https://te.tournamentsoftware.com/user?ReturnUrl=%2Ferror%2F404%3Fec%3D404%26404%3Bhttps%3A%2F%2Fte.tournamentsoftware.com%3A443%2Fplayer-profile%2FD53EDFB2-9B79-4881-BBE2-11EC2F61C7D5%2Fmatches",
          "text": "Log in"
        }
      ],
      "inputs": [
        "<input id=\"nav-toggle\" role=\"button\" class=\"accessible-hidden menu__toggle\" aria-haspopup=\"true\" type=\"checkbox\">",
        "<input id=\"tertiary-nav-toggle\" role=\"button\" class=\"accessible-hidden menu__toggle\" aria-haspopup=\"true\" type=\"checkbox\">",
        "<input id=\"sidebar-toggle\" role=\"button\" class=\"is-extendable-until-medium accessible-hidden\" aria-haspopup=\"true\" type=\"checkbox\">",
        "<input type=\"search\" name=\"SearchString\" id=\"MastheadSearchInput\" placeholder=\"Search\" spellcheck=\"false\" autocomplete=\"off\" autocorrect=\"off\" autocapitalize=\"off\" data-min-char=\"3\" aria-describedby=\"SearchString-tip\" class=\"form-control search-box__field js-search-box__field\">",
        "<button type=\"button\" class=\"icon-x__trigger js-formcontrol_clear is-hidden\">",
        "<button type=\"button\" class=\"search-box__close js-search-box__close\">"
      ],
      "apiHints": [
        "tournamentsoftware.com",
        "tournaments",
        "tournamentsoftware.com/content/images/themes/te/app/mstile-144x144.png",
        "tournamentsoftware.com/Content/fonts/open-sans/Regular/OpenSans-Regular-webfont.woff2?v=1.0.0",
        "tournamentsoftware.com/Content/fonts/open-sans/SemiBold/OpenSans-SemiBold-webfont.woff2?v=1.0.0",
        "tournamentsoftware.com/Content/fonts/open-sans/Bold/OpenSans-Bold-webfont.woff2?v=1.0.0",
        "tournamentsoftware.com/content/styles/css/themes/te/styles.css?v=20260804121859",
        "tournamentsoftware.com/content/images/themes/te/app/favicon.ico?v=20250415114325",
        "tournamentsoftware.com/content/images/themes/te/app/favicon-32x32.png?v=20250415114325",
        "tournamentsoftware.com/content/images/themes/te/app/apple-touch-icon.png?v=20250321095705",
        "tournamentsoftware.com/content/images/themes/te/app/safari-pinned-tab.svg",
        "tournamentsoftware.com/Content/scripts/dist/jquery-bundle.js?v=20240430121207",
        "tournamentsoftware.com/Content/images/themes/te/logo.svg?v=20250325133019",
        "/tournaments",
        "Tournaments",
        "SearchInput",
        "search_1",
        "search_2",
        "search-initialy-hidden-container",
        "search__main",
        "search-box",
        "SearchString",
        "SearchString-tip",
        "search-box__field",
        "search-box__close",
        "search__dropdown",
        "SearchPreviewContent",
        "search__message",
        "search__dropdown-results",
        "search__dropdown-results--preview",
        "search__dropdown-preview",
        "tournamentsoftware.com%3A443%2Fplayer-profile%2FD53EDFB2-9B79-4881-BBE2-11EC2F61C7D5%2Fmatches",
        "tournamentsoftware-company.com/",
        "search-backdrop",
        "tournamentsoftware.com/Content/scripts/dist/vendor-bundle.js?v=20240430121207",
        "tournamentsoftware.com/Content/scripts/dist/functions-bundle.js?v=20260609105630",
        "searchMinChar",
        "SearchQuery",
        "searchform",
        "searchform.trigger"
      ]
    },
    {
      "kind": "profile",
      "player": "Aila Zennaro",
      "url": "https://te.tournamentsoftware.com/player-profile/D53EDFB2-9B79-4881-BBE2-11EC2F61C7D5/overview",
      "status": 200,
      "location": "",
      "title": "Tennis Europe",
      "length": 22907,
      "text": "Tennis Europe Menu Tennis Europe Back to Tennis Europe Home Tournaments Players Ranking Menu Tennis Europe Search Search Please fill in at least 3 characters Log In Menu Log In 404 - Page not found We can't seem to find the page you are looking for. Try one of the following links: Home Tournaments Players Ranking Partners Account Sign up Log in Contact Contact us Help Centre Social media Home See what's new Cookies",
      "links": [
        {
          "url": "https://te.tournamentsoftware.com/",
          "text": "Tennis Europe"
        },
        {
          "url": "https://te.tournamentsoftware.com/",
          "text": "Home"
        },
        {
          "url": "https://te.tournamentsoftware.com/tournaments",
          "text": "Tournaments"
        },
        {
          "url": "https://te.tournamentsoftware.com/find/player",
          "text": "Players"
        },
        {
          "url": "https://te.tournamentsoftware.com/ranking",
          "text": "Ranking"
        },
        {
          "url": "https://te.tournamentsoftware.com/",
          "text": "Tennis Europe"
        },
        {
          "url": "https://te.tournamentsoftware.com/user?returnUrl=%2Ferror%2F404%3Fec%3D404%26404%3Bhttps%3A%2F%2Fte.tournamentsoftware.com%3A443%2Fplayer-profile%2FD53EDFB2-9B79-4881-BBE2-11EC2F61C7D5%2Foverview",
          "text": "Log In"
        },
        {
          "url": "https://te.tournamentsoftware.com/user?returnUrl=%2Ferror%2F404%3Fec%3D404%26404%3Bhttps%3A%2F%2Fte.tournamentsoftware.com%3A443%2Fplayer-profile%2FD53EDFB2-9B79-4881-BBE2-11EC2F61C7D5%2Foverview",
          "text": "Log In"
        },
        {
          "url": "https://te.tournamentsoftware.com/",
          "text": "Home"
        },
        {
          "url": "https://te.tournamentsoftware.com/tournaments",
          "text": "Tournaments"
        },
        {
          "url": "https://te.tournamentsoftware.com/find/player",
          "text": "Players"
        },
        {
          "url": "https://te.tournamentsoftware.com/ranking",
          "text": "Ranking"
        },
        {
          "url": "http://bouncesports.co/",
          "text": ""
        },
        {
          "url": "https://www.ionsport.com/",
          "text": ""
        },
        {
          "url": "https://www.minervavirtual.com/mva-for/sport?utm_source=TennisEurope&utm_medium=HomePage&utm_campaign=Website",
          "text": ""
        },
        {
          "url": "http://bouncesports.co/",
          "text": ""
        },
        {
          "url": "https://www.ionsport.com/",
          "text": ""
        },
        {
          "url": "https://www.minervavirtual.com/mva-for/sport?utm_source=TennisEurope&utm_medium=HomePage&utm_campaign=Website",
          "text": ""
        },
        {
          "url": "https://te.tournamentsoftware.com/user/Signup?ReturnUrl=%2Ferror%2F404%3Fec%3D404%26404%3Bhttps%3A%2F%2Fte.tournamentsoftware.com%3A443%2Fplayer-profile%2FD53EDFB2-9B79-4881-BBE2-11EC2F61C7D5%2Foverview",
          "text": "Sign up"
        },
        {
          "url": "https://te.tournamentsoftware.com/user?ReturnUrl=%2Ferror%2F404%3Fec%3D404%26404%3Bhttps%3A%2F%2Fte.tournamentsoftware.com%3A443%2Fplayer-profile%2FD53EDFB2-9B79-4881-BBE2-11EC2F61C7D5%2Foverview",
          "text": "Log in"
        }
      ],
      "inputs": [
        "<input id=\"nav-toggle\" role=\"button\" class=\"accessible-hidden menu__toggle\" aria-haspopup=\"true\" type=\"checkbox\">",
        "<input id=\"tertiary-nav-toggle\" role=\"button\" class=\"accessible-hidden menu__toggle\" aria-haspopup=\"true\" type=\"checkbox\">",
        "<input id=\"sidebar-toggle\" role=\"button\" class=\"is-extendable-until-medium accessible-hidden\" aria-haspopup=\"true\" type=\"checkbox\">",
        "<input type=\"search\" name=\"SearchString\" id=\"MastheadSearchInput\" placeholder=\"Search\" spellcheck=\"false\" autocomplete=\"off\" autocorrect=\"off\" autocapitalize=\"off\" data-min-char=\"3\" aria-describedby=\"SearchString-tip\" class=\"form-control search-box__field js-search-box__field\">",
        "<button type=\"button\" class=\"icon-x__trigger js-formcontrol_clear is-hidden\">",
        "<button type=\"button\" class=\"search-box__close js-search-box__close\">"
      ],
      "apiHints": [
        "tournamentsoftware.com",
        "tournaments",
        "tournamentsoftware.com/content/images/themes/te/app/mstile-144x144.png",
        "tournamentsoftware.com/Content/fonts/open-sans/Regular/OpenSans-Regular-webfont.woff2?v=1.0.0",
        "tournamentsoftware.com/Content/fonts/open-sans/SemiBold/OpenSans-SemiBold-webfont.woff2?v=1.0.0",
        "tournamentsoftware.com/Content/fonts/open-sans/Bold/OpenSans-Bold-webfont.woff2?v=1.0.0",
        "tournamentsoftware.com/content/styles/css/themes/te/styles.css?v=20260804121859",
        "tournamentsoftware.com/content/images/themes/te/app/favicon.ico?v=20250415114325",
        "tournamentsoftware.com/content/images/themes/te/app/favicon-32x32.png?v=20250415114325",
        "tournamentsoftware.com/content/images/themes/te/app/apple-touch-icon.png?v=20250321095705",
        "tournamentsoftware.com/content/images/themes/te/app/safari-pinned-tab.svg",
        "tournamentsoftware.com/Content/scripts/dist/jquery-bundle.js?v=20240430121207",
        "tournamentsoftware.com/Content/images/themes/te/logo.svg?v=20250325133019",
        "/tournaments",
        "Tournaments",
        "SearchInput",
        "search_1",
        "search_2",
        "search-initialy-hidden-container",
        "search__main",
        "search-box",
        "SearchString",
        "SearchString-tip",
        "search-box__field",
        "search-box__close",
        "search__dropdown",
        "SearchPreviewContent",
        "search__message",
        "search__dropdown-results",
        "search__dropdown-results--preview",
        "search__dropdown-preview",
        "tournamentsoftware.com%3A443%2Fplayer-profile%2FD53EDFB2-9B79-4881-BBE2-11EC2F61C7D5%2Foverview",
        "tournamentsoftware-company.com/",
        "search-backdrop",
        "tournamentsoftware.com/Content/scripts/dist/vendor-bundle.js?v=20240430121207",
        "tournamentsoftware.com/Content/scripts/dist/functions-bundle.js?v=20260609105630",
        "searchMinChar",
        "SearchQuery",
        "searchform",
        "searchform.trigger"
      ]
    },
    {
      "kind": "profile",
      "player": "Aila Zennaro",
      "url": "https://te.tournamentsoftware.com/player-profile/D53EDFB2-9B79-4881-BBE2-11EC2F61C7D5?tab=tournaments",
      "status": 200,
      "location": "",
      "title": "Tennis Europe",
      "length": 46460,
      "text": "Tennis Europe Menu Tennis Europe Back to Tennis Europe Home Tournaments Players Ranking Menu Tennis Europe Search Search Please fill in at least 3 characters Log In Menu Aila Zennaro Log In AZ Aila Zennaro Singles 30.1 Doubles 35.2 Favourite Overview Tournaments Ranking Biography More Statistics Total Singles Doubles Mixed More Win-Loss Head to Head Career 21 / 25 (46) This year 19 / 14 (33) History L W W W L Win-Loss Head to Head Career 17 / 16 (33) This year 15 / 8 (23) Win-Loss Head to Head Career 4 / 9 (13) This year 4 / 6 (10) Win-Loss Head to Head Career 0 / 0 (0) This year 0 / 0 (0) Tournaments Agno U16 (2) GoAcademy | Agno, Switzerland 09/08/2026 to 15/08/2026 Category 2 Event: GS16 Girls Singles 16 Main Draw Round of 32 Aila ZENNARO W Bye GoAcademy Head to Head AZ ? Head to Head Titles/Finals All 2026 Open de Pully TE U14 GD14 Partners Account Sign up Log in Contact Contact us H",
      "links": [
        {
          "url": "https://te.tournamentsoftware.com/",
          "text": "Tennis Europe"
        },
        {
          "url": "https://te.tournamentsoftware.com/",
          "text": "Home"
        },
        {
          "url": "https://te.tournamentsoftware.com/tournaments",
          "text": "Tournaments"
        },
        {
          "url": "https://te.tournamentsoftware.com/find/player",
          "text": "Players"
        },
        {
          "url": "https://te.tournamentsoftware.com/ranking",
          "text": "Ranking"
        },
        {
          "url": "https://te.tournamentsoftware.com/",
          "text": "Tennis Europe"
        },
        {
          "url": "https://te.tournamentsoftware.com/user?returnUrl=%2Fplayer-profile%2FD53EDFB2-9B79-4881-BBE2-11EC2F61C7D5%3Ftab%3Dtournaments",
          "text": "Log In"
        },
        {
          "url": "https://te.tournamentsoftware.com/player-profile/D53EDFB2-9B79-4881-BBE2-11EC2F61C7D5?tab=tournaments#",
          "text": "Aila Zennaro"
        },
        {
          "url": "https://te.tournamentsoftware.com/user?returnUrl=%2Fplayer-profile%2FD53EDFB2-9B79-4881-BBE2-11EC2F61C7D5%3Ftab%3Dtournaments",
          "text": "Log In"
        },
        {
          "url": "https://te.tournamentsoftware.com/player-profile/d53edfb2-9b79-4881-bbe2-11ec2f61c7d5",
          "text": "Overview"
        },
        {
          "url": "https://te.tournamentsoftware.com/player-profile/d53edfb2-9b79-4881-bbe2-11ec2f61c7d5/tournaments",
          "text": "Tournaments"
        },
        {
          "url": "https://te.tournamentsoftware.com/player-profile/d53edfb2-9b79-4881-bbe2-11ec2f61c7d5/ranking",
          "text": "Ranking"
        },
        {
          "url": "https://te.tournamentsoftware.com/player-profile/d53edfb2-9b79-4881-bbe2-11ec2f61c7d5/biography",
          "text": "Biography"
        },
        {
          "url": "https://te.tournamentsoftware.com/player-profile/D53EDFB2-9B79-4881-BBE2-11EC2F61C7D5?tab=tournaments#tabStatsTotal",
          "text": "Total"
        },
        {
          "url": "https://te.tournamentsoftware.com/player-profile/D53EDFB2-9B79-4881-BBE2-11EC2F61C7D5?tab=tournaments#tabStatsSingles",
          "text": "Singles"
        },
        {
          "url": "https://te.tournamentsoftware.com/player-profile/D53EDFB2-9B79-4881-BBE2-11EC2F61C7D5?tab=tournaments#tabStatsDoubles",
          "text": "Doubles"
        },
        {
          "url": "https://te.tournamentsoftware.com/player-profile/D53EDFB2-9B79-4881-BBE2-11EC2F61C7D5?tab=tournaments#tabStatsMixed",
          "text": "Mixed"
        },
        {
          "url": "https://te.tournamentsoftware.com/head-2-head?OrganizationCode=D09FBF2D-A596-46F5-B290-4AC89F90BFDE&T1P1MemberID=ZEN3089346",
          "text": "Head to Head"
        },
        {
          "url": "https://te.tournamentsoftware.com/head-2-head?OrganizationCode=D09FBF2D-A596-46F5-B290-4AC89F90BFDE&T1P1MemberID=ZEN3089346",
          "text": "Head to Head"
        },
        {
          "url": "https://te.tournamentsoftware.com/head-2-head?OrganizationCode=D09FBF2D-A596-46F5-B290-4AC89F90BFDE&T1P1MemberID=ZEN3089346",
          "text": "Head to Head"
        }
      ],
      "inputs": [
        "<input id=\"nav-toggle\" role=\"button\" class=\"accessible-hidden menu__toggle\" aria-haspopup=\"true\" type=\"checkbox\">",
        "<input id=\"tertiary-nav-toggle\" role=\"button\" class=\"accessible-hidden menu__toggle\" aria-haspopup=\"true\" type=\"checkbox\">",
        "<input id=\"sidebar-toggle\" role=\"button\" class=\"is-extendable-until-medium accessible-hidden\" aria-haspopup=\"true\" type=\"checkbox\">",
        "<input type=\"search\" name=\"SearchString\" id=\"MastheadSearchInput\" placeholder=\"Search\" spellcheck=\"false\" autocomplete=\"off\" autocorrect=\"off\" autocapitalize=\"off\" data-min-char=\"3\" aria-describedby=\"SearchString-tip\" class=\"form-control search-box__field js-search-box__field\">",
        "<button type=\"button\" class=\"icon-x__trigger js-formcontrol_clear is-hidden\">",
        "<button type=\"button\" class=\"search-box__close js-search-box__close\">",
        "<button type=\"button\"\r\n    class=\"btn--rectangle btn--outline-mono media__favorite js-userlisttoggle btn--tiny btn\"\r\n    data-uldatatype=\"2\"\r\n    data-ultype=\"1\"\r\n    data-uldata1=\"D09FBF2D-A596-46F5-B290-4AC89F90BFDE\"\r\n    data-uldata2=\"d53edfb2-9b79-4881-bbe2-11ec2f61c7d5\"\r\n    data-uldata3=\"\"\r\n    data-uldata4=\"\"\r\n    data-toggle=\"tooltip\"\r\n    data-placement=\"left\"\r\n    data-trigger=\"manual\">"
      ],
      "apiHints": [
        "tournamentsoftware.com",
        "tournaments",
        "tournamentsoftware.com/content/images/themes/te/app/mstile-144x144.png",
        "tournamentsoftware.com/Content/fonts/open-sans/Regular/OpenSans-Regular-webfont.woff2?v=1.0.0",
        "tournamentsoftware.com/Content/fonts/open-sans/SemiBold/OpenSans-SemiBold-webfont.woff2?v=1.0.0",
        "tournamentsoftware.com/Content/fonts/open-sans/Bold/OpenSans-Bold-webfont.woff2?v=1.0.0",
        "tournamentsoftware.com/content/styles/css/themes/te/styles.css?v=20260804121859",
        "tournamentsoftware.com/content/images/themes/te/app/favicon.ico?v=20250415114325",
        "tournamentsoftware.com/content/images/themes/te/app/favicon-32x32.png?v=20250415114325",
        "tournamentsoftware.com/content/images/themes/te/app/apple-touch-icon.png?v=20250321095705",
        "tournamentsoftware.com/content/images/themes/te/app/safari-pinned-tab.svg",
        "tournamentsoftware.com/Content/scripts/dist/jquery-bundle.js?v=20240430121207",
        "tournamentsoftware.com/Content/images/themes/te/logo.svg?v=20250325133019",
        "/tournaments",
        "Tournaments",
        "SearchInput",
        "search_1",
        "search_2",
        "search-initialy-hidden-container",
        "search__main",
        "search-box",
        "SearchString",
        "SearchString-tip",
        "search-box__field",
        "search-box__close",
        "search__dropdown",
        "SearchPreviewContent",
        "search__message",
        "search__dropdown-results",
        "search__dropdown-results--preview",
        "search__dropdown-preview",
        "tournamentsoftware.com/content/images/flags/ITA.svg",
        "tournamentsoftware.com/images/profile/D09FBF2D-A596-46F5-B290-4AC89F90BFDE/xlarge/D53EDFB2-9B79-4881-BBE2-11EC2F61C7D5.jpg?v=20260119211655",
        "player-profile/d53edfb2-9b79-4881-bbe2-11ec2f61c7d5",
        "player-profile/d53edfb2-9b79-4881-bbe2-11ec2f61c7d5/tournaments",
        "player-profile/d53edfb2-9b79-4881-bbe2-11ec2f61c7d5/ranking",
        "player-profile/d53edfb2-9b79-4881-bbe2-11ec2f61c7d5/biography",
        "tournamentsoftware.com/Content/scripts/dist/chartist.js?v=20240430121207",
        "/sport/tournament?id=B43C14DB-7AB5-477D-B470-46FACAD7F187",
        "tournamentsoftware.com/images/club/event-no-photo.svg"
      ]
    },
    {
      "kind": "profile",
      "player": "Aila Zennaro",
      "url": "https://te.tournamentsoftware.com/player-profile/D53EDFB2-9B79-4881-BBE2-11EC2F61C7D5?tab=matches",
      "status": 200,
      "location": "",
      "title": "Tennis Europe",
      "length": 46440,
      "text": "Tennis Europe Menu Tennis Europe Back to Tennis Europe Home Tournaments Players Ranking Menu Tennis Europe Search Search Please fill in at least 3 characters Log In Menu Aila Zennaro Log In AZ Aila Zennaro Singles 30.1 Doubles 35.2 Favourite Overview Tournaments Ranking Biography More Statistics Total Singles Doubles Mixed More Win-Loss Head to Head Career 21 / 25 (46) This year 19 / 14 (33) History L W W W L Win-Loss Head to Head Career 17 / 16 (33) This year 15 / 8 (23) Win-Loss Head to Head Career 4 / 9 (13) This year 4 / 6 (10) Win-Loss Head to Head Career 0 / 0 (0) This year 0 / 0 (0) Tournaments Agno U16 (2) GoAcademy | Agno, Switzerland 09/08/2026 to 15/08/2026 Category 2 Event: GS16 Girls Singles 16 Main Draw Round of 32 Aila ZENNARO W Bye GoAcademy Head to Head AZ ? Head to Head Titles/Finals All 2026 Open de Pully TE U14 GD14 Partners Account Sign up Log in Contact Contact us H",
      "links": [
        {
          "url": "https://te.tournamentsoftware.com/",
          "text": "Tennis Europe"
        },
        {
          "url": "https://te.tournamentsoftware.com/",
          "text": "Home"
        },
        {
          "url": "https://te.tournamentsoftware.com/tournaments",
          "text": "Tournaments"
        },
        {
          "url": "https://te.tournamentsoftware.com/find/player",
          "text": "Players"
        },
        {
          "url": "https://te.tournamentsoftware.com/ranking",
          "text": "Ranking"
        },
        {
          "url": "https://te.tournamentsoftware.com/",
          "text": "Tennis Europe"
        },
        {
          "url": "https://te.tournamentsoftware.com/user?returnUrl=%2Fplayer-profile%2FD53EDFB2-9B79-4881-BBE2-11EC2F61C7D5%3Ftab%3Dmatches",
          "text": "Log In"
        },
        {
          "url": "https://te.tournamentsoftware.com/player-profile/D53EDFB2-9B79-4881-BBE2-11EC2F61C7D5?tab=matches#",
          "text": "Aila Zennaro"
        },
        {
          "url": "https://te.tournamentsoftware.com/user?returnUrl=%2Fplayer-profile%2FD53EDFB2-9B79-4881-BBE2-11EC2F61C7D5%3Ftab%3Dmatches",
          "text": "Log In"
        },
        {
          "url": "https://te.tournamentsoftware.com/player-profile/d53edfb2-9b79-4881-bbe2-11ec2f61c7d5",
          "text": "Overview"
        },
        {
          "url": "https://te.tournamentsoftware.com/player-profile/d53edfb2-9b79-4881-bbe2-11ec2f61c7d5/tournaments",
          "text": "Tournaments"
        },
        {
          "url": "https://te.tournamentsoftware.com/player-profile/d53edfb2-9b79-4881-bbe2-11ec2f61c7d5/ranking",
          "text": "Ranking"
        },
        {
          "url": "https://te.tournamentsoftware.com/player-profile/d53edfb2-9b79-4881-bbe2-11ec2f61c7d5/biography",
          "text": "Biography"
        },
        {
          "url": "https://te.tournamentsoftware.com/player-profile/D53EDFB2-9B79-4881-BBE2-11EC2F61C7D5?tab=matches#tabStatsTotal",
          "text": "Total"
        },
        {
          "url": "https://te.tournamentsoftware.com/player-profile/D53EDFB2-9B79-4881-BBE2-11EC2F61C7D5?tab=matches#tabStatsSingles",
          "text": "Singles"
        },
        {
          "url": "https://te.tournamentsoftware.com/player-profile/D53EDFB2-9B79-4881-BBE2-11EC2F61C7D5?tab=matches#tabStatsDoubles",
          "text": "Doubles"
        },
        {
          "url": "https://te.tournamentsoftware.com/player-profile/D53EDFB2-9B79-4881-BBE2-11EC2F61C7D5?tab=matches#tabStatsMixed",
          "text": "Mixed"
        },
        {
          "url": "https://te.tournamentsoftware.com/head-2-head?OrganizationCode=D09FBF2D-A596-46F5-B290-4AC89F90BFDE&T1P1MemberID=ZEN3089346",
          "text": "Head to Head"
        },
        {
          "url": "https://te.tournamentsoftware.com/head-2-head?OrganizationCode=D09FBF2D-A596-46F5-B290-4AC89F90BFDE&T1P1MemberID=ZEN3089346",
          "text": "Head to Head"
        },
        {
          "url": "https://te.tournamentsoftware.com/head-2-head?OrganizationCode=D09FBF2D-A596-46F5-B290-4AC89F90BFDE&T1P1MemberID=ZEN3089346",
          "text": "Head to Head"
        }
      ],
      "inputs": [
        "<input id=\"nav-toggle\" role=\"button\" class=\"accessible-hidden menu__toggle\" aria-haspopup=\"true\" type=\"checkbox\">",
        "<input id=\"tertiary-nav-toggle\" role=\"button\" class=\"accessible-hidden menu__toggle\" aria-haspopup=\"true\" type=\"checkbox\">",
        "<input id=\"sidebar-toggle\" role=\"button\" class=\"is-extendable-until-medium accessible-hidden\" aria-haspopup=\"true\" type=\"checkbox\">",
        "<input type=\"search\" name=\"SearchString\" id=\"MastheadSearchInput\" placeholder=\"Search\" spellcheck=\"false\" autocomplete=\"off\" autocorrect=\"off\" autocapitalize=\"off\" data-min-char=\"3\" aria-describedby=\"SearchString-tip\" class=\"form-control search-box__field js-search-box__field\">",
        "<button type=\"button\" class=\"icon-x__trigger js-formcontrol_clear is-hidden\">",
        "<button type=\"button\" class=\"search-box__close js-search-box__close\">",
        "<button type=\"button\"\r\n    class=\"btn--rectangle btn--outline-mono media__favorite js-userlisttoggle btn--tiny btn\"\r\n    data-uldatatype=\"2\"\r\n    data-ultype=\"1\"\r\n    data-uldata1=\"D09FBF2D-A596-46F5-B290-4AC89F90BFDE\"\r\n    data-uldata2=\"d53edfb2-9b79-4881-bbe2-11ec2f61c7d5\"\r\n    data-uldata3=\"\"\r\n    data-uldata4=\"\"\r\n    data-toggle=\"tooltip\"\r\n    data-placement=\"left\"\r\n    data-trigger=\"manual\">"
      ],
      "apiHints": [
        "tournamentsoftware.com",
        "tournaments",
        "tournamentsoftware.com/content/images/themes/te/app/mstile-144x144.png",
        "tournamentsoftware.com/Content/fonts/open-sans/Regular/OpenSans-Regular-webfont.woff2?v=1.0.0",
        "tournamentsoftware.com/Content/fonts/open-sans/SemiBold/OpenSans-SemiBold-webfont.woff2?v=1.0.0",
        "tournamentsoftware.com/Content/fonts/open-sans/Bold/OpenSans-Bold-webfont.woff2?v=1.0.0",
        "tournamentsoftware.com/content/styles/css/themes/te/styles.css?v=20260804121859",
        "tournamentsoftware.com/content/images/themes/te/app/favicon.ico?v=20250415114325",
        "tournamentsoftware.com/content/images/themes/te/app/favicon-32x32.png?v=20250415114325",
        "tournamentsoftware.com/content/images/themes/te/app/apple-touch-icon.png?v=20250321095705",
        "tournamentsoftware.com/content/images/themes/te/app/safari-pinned-tab.svg",
        "tournamentsoftware.com/Content/scripts/dist/jquery-bundle.js?v=20240430121207",
        "tournamentsoftware.com/Content/images/themes/te/logo.svg?v=20250325133019",
        "/tournaments",
        "Tournaments",
        "SearchInput",
        "search_1",
        "search_2",
        "search-initialy-hidden-container",
        "search__main",
        "search-box",
        "SearchString",
        "SearchString-tip",
        "search-box__field",
        "search-box__close",
        "search__dropdown",
        "SearchPreviewContent",
        "search__message",
        "search__dropdown-results",
        "search__dropdown-results--preview",
        "search__dropdown-preview",
        "tournamentsoftware.com/content/images/flags/ITA.svg",
        "tournamentsoftware.com/images/profile/D09FBF2D-A596-46F5-B290-4AC89F90BFDE/xlarge/D53EDFB2-9B79-4881-BBE2-11EC2F61C7D5.jpg?v=20260119211655",
        "player-profile/d53edfb2-9b79-4881-bbe2-11ec2f61c7d5",
        "player-profile/d53edfb2-9b79-4881-bbe2-11ec2f61c7d5/tournaments",
        "player-profile/d53edfb2-9b79-4881-bbe2-11ec2f61c7d5/ranking",
        "player-profile/d53edfb2-9b79-4881-bbe2-11ec2f61c7d5/biography",
        "tournamentsoftware.com/Content/scripts/dist/chartist.js?v=20240430121207",
        "/sport/tournament?id=B43C14DB-7AB5-477D-B470-46FACAD7F187",
        "tournamentsoftware.com/images/club/event-no-photo.svg"
      ]
    },
    {
      "kind": "profile",
      "player": "Daniele Gelli",
      "url": "https://te.tournamentsoftware.com/player-profile/5E353E97-2922-4325-86E9-5649DD0B1278",
      "status": 200,
      "location": "",
      "title": "Tennis Europe",
      "length": 53015,
      "text": "Tennis Europe Menu Tennis Europe Back to Tennis Europe Home Tournaments Players Ranking Menu Tennis Europe Search Search Please fill in at least 3 characters Log In Menu Daniele Gelli Log In DG Daniele Gelli Favourite Overview Tournaments Biography More Statistics Total Singles Doubles Mixed More Win-Loss Head to Head Career 0 / 3 (3) This year 0 / 3 (3) History L L L Win-Loss Head to Head Career 0 / 2 (2) This year 0 / 2 (2) Win-Loss Head to Head Career 0 / 1 (1) This year 0 / 1 (1) Win-Loss Head to Head Career 0 / 0 (0) This year 0 / 0 (0) Tournaments Austrian Youth Open Kufstein TC Sparkasse Kufstein | Kufstein, Austria 18/07/2026 to 25/07/2026 Category 1 Category 2 Event: BS12 Boys Singles 12 Bonus Draw Round of 32 Daniele GELLI W Bye TC Sparkasse Kufstein Round of 16 Daniele GELLI L Lucca BECERRA 1 4 0 4 H2H Wed 22/07/2026 TC Sparkasse IN - C 10 Boys Singles 12 Main Draw Round of 64",
      "links": [
        {
          "url": "https://te.tournamentsoftware.com/",
          "text": "Tennis Europe"
        },
        {
          "url": "https://te.tournamentsoftware.com/",
          "text": "Home"
        },
        {
          "url": "https://te.tournamentsoftware.com/tournaments",
          "text": "Tournaments"
        },
        {
          "url": "https://te.tournamentsoftware.com/find/player",
          "text": "Players"
        },
        {
          "url": "https://te.tournamentsoftware.com/ranking",
          "text": "Ranking"
        },
        {
          "url": "https://te.tournamentsoftware.com/",
          "text": "Tennis Europe"
        },
        {
          "url": "https://te.tournamentsoftware.com/user?returnUrl=%2Fplayer-profile%2F5E353E97-2922-4325-86E9-5649DD0B1278",
          "text": "Log In"
        },
        {
          "url": "https://te.tournamentsoftware.com/player-profile/5E353E97-2922-4325-86E9-5649DD0B1278#",
          "text": "Daniele Gelli"
        },
        {
          "url": "https://te.tournamentsoftware.com/user?returnUrl=%2Fplayer-profile%2F5E353E97-2922-4325-86E9-5649DD0B1278",
          "text": "Log In"
        },
        {
          "url": "https://te.tournamentsoftware.com/player-profile/5e353e97-2922-4325-86e9-5649dd0b1278",
          "text": "Overview"
        },
        {
          "url": "https://te.tournamentsoftware.com/player-profile/5e353e97-2922-4325-86e9-5649dd0b1278/tournaments",
          "text": "Tournaments"
        },
        {
          "url": "https://te.tournamentsoftware.com/player-profile/5e353e97-2922-4325-86e9-5649dd0b1278/biography",
          "text": "Biography"
        },
        {
          "url": "https://te.tournamentsoftware.com/player-profile/5E353E97-2922-4325-86E9-5649DD0B1278#tabStatsTotal",
          "text": "Total"
        },
        {
          "url": "https://te.tournamentsoftware.com/player-profile/5E353E97-2922-4325-86E9-5649DD0B1278#tabStatsSingles",
          "text": "Singles"
        },
        {
          "url": "https://te.tournamentsoftware.com/player-profile/5E353E97-2922-4325-86E9-5649DD0B1278#tabStatsDoubles",
          "text": "Doubles"
        },
        {
          "url": "https://te.tournamentsoftware.com/player-profile/5E353E97-2922-4325-86E9-5649DD0B1278#tabStatsMixed",
          "text": "Mixed"
        },
        {
          "url": "https://te.tournamentsoftware.com/head-2-head?OrganizationCode=D09FBF2D-A596-46F5-B290-4AC89F90BFDE&T1P1MemberID=GEL9562495",
          "text": "Head to Head"
        },
        {
          "url": "https://te.tournamentsoftware.com/head-2-head?OrganizationCode=D09FBF2D-A596-46F5-B290-4AC89F90BFDE&T1P1MemberID=GEL9562495",
          "text": "Head to Head"
        },
        {
          "url": "https://te.tournamentsoftware.com/head-2-head?OrganizationCode=D09FBF2D-A596-46F5-B290-4AC89F90BFDE&T1P1MemberID=GEL9562495",
          "text": "Head to Head"
        },
        {
          "url": "https://te.tournamentsoftware.com/head-2-head?OrganizationCode=D09FBF2D-A596-46F5-B290-4AC89F90BFDE&T1P1MemberID=GEL9562495",
          "text": "Head to Head"
        }
      ],
      "inputs": [
        "<input id=\"nav-toggle\" role=\"button\" class=\"accessible-hidden menu__toggle\" aria-haspopup=\"true\" type=\"checkbox\">",
        "<input id=\"tertiary-nav-toggle\" role=\"button\" class=\"accessible-hidden menu__toggle\" aria-haspopup=\"true\" type=\"checkbox\">",
        "<input id=\"sidebar-toggle\" role=\"button\" class=\"is-extendable-until-medium accessible-hidden\" aria-haspopup=\"true\" type=\"checkbox\">",
        "<input type=\"search\" name=\"SearchString\" id=\"MastheadSearchInput\" placeholder=\"Search\" spellcheck=\"false\" autocomplete=\"off\" autocorrect=\"off\" autocapitalize=\"off\" data-min-char=\"3\" aria-describedby=\"SearchString-tip\" class=\"form-control search-box__field js-search-box__field\">",
        "<button type=\"button\" class=\"icon-x__trigger js-formcontrol_clear is-hidden\">",
        "<button type=\"button\" class=\"search-box__close js-search-box__close\">",
        "<button type=\"button\"\r\n    class=\"btn--rectangle btn--outline-mono media__favorite js-userlisttoggle btn--tiny btn\"\r\n    data-uldatatype=\"2\"\r\n    data-ultype=\"1\"\r\n    data-uldata1=\"D09FBF2D-A596-46F5-B290-4AC89F90BFDE\"\r\n    data-uldata2=\"5e353e97-2922-4325-86e9-5649dd0b1278\"\r\n    data-uldata3=\"\"\r\n    data-uldata4=\"\"\r\n    data-toggle=\"tooltip\"\r\n    data-placement=\"left\"\r\n    data-trigger=\"manual\">"
      ],
      "apiHints": [
        "tournamentsoftware.com",
        "tournaments",
        "tournamentsoftware.com/content/images/themes/te/app/mstile-144x144.png",
        "tournamentsoftware.com/Content/fonts/open-sans/Regular/OpenSans-Regular-webfont.woff2?v=1.0.0",
        "tournamentsoftware.com/Content/fonts/open-sans/SemiBold/OpenSans-SemiBold-webfont.woff2?v=1.0.0",
        "tournamentsoftware.com/Content/fonts/open-sans/Bold/OpenSans-Bold-webfont.woff2?v=1.0.0",
        "tournamentsoftware.com/content/styles/css/themes/te/styles.css?v=20260804121859",
        "tournamentsoftware.com/content/images/themes/te/app/favicon.ico?v=20250415114325",
        "tournamentsoftware.com/content/images/themes/te/app/favicon-32x32.png?v=20250415114325",
        "tournamentsoftware.com/content/images/themes/te/app/apple-touch-icon.png?v=20250321095705",
        "tournamentsoftware.com/content/images/themes/te/app/safari-pinned-tab.svg",
        "tournamentsoftware.com/Content/scripts/dist/jquery-bundle.js?v=20240430121207",
        "tournamentsoftware.com/Content/images/themes/te/logo.svg?v=20250325133019",
        "/tournaments",
        "Tournaments",
        "SearchInput",
        "search_1",
        "search_2",
        "search-initialy-hidden-container",
        "search__main",
        "search-box",
        "SearchString",
        "SearchString-tip",
        "search-box__field",
        "search-box__close",
        "search__dropdown",
        "SearchPreviewContent",
        "search__message",
        "search__dropdown-results",
        "search__dropdown-results--preview",
        "search__dropdown-preview",
        "tournamentsoftware.com/content/images/flags/ITA.svg",
        "player-profile/5e353e97-2922-4325-86e9-5649dd0b1278",
        "player-profile/5e353e97-2922-4325-86e9-5649dd0b1278/tournaments",
        "player-profile/5e353e97-2922-4325-86e9-5649dd0b1278/biography",
        "tournamentsoftware.com/Content/scripts/dist/chartist.js?v=20240430121207",
        "/sport/tournament?id=72B85BEB-F56D-48F3-AA67-88C1F293C970",
        "tournamentsoftware.com/images/club/event-no-photo.svg",
        "tournamentsoftware.com/content/images/flags/AUT.svg",
        "/sport/draw.aspx?id=72B85BEB-F56D-48F3-AA67-88C1F293C970&amp;draw=2"
      ]
    },
    {
      "kind": "profile",
      "player": "Daniele Gelli",
      "url": "https://te.tournamentsoftware.com/player-profile/5E353E97-2922-4325-86E9-5649DD0B1278/tournaments",
      "status": 200,
      "location": "",
      "title": "Tennis Europe",
      "length": 43634,
      "text": "Tennis Europe Menu Tennis Europe Back to Tennis Europe Home Tournaments Players Ranking Menu Tennis Europe Search Search Please fill in at least 3 characters Log In Menu Daniele Gelli Log In DG Daniele Gelli Favourite Overview Tournaments Biography More 2026 More Austrian Youth Open Kufstein TC Sparkasse Kufstein | Kufstein, Austria 18/07/2026 to 25/07/2026 Category 1 Category 2 Event: BS12 Boys Singles 12 Bonus Draw Round of 32 Daniele GELLI W Bye TC Sparkasse Kufstein Round of 16 Daniele GELLI L Lucca BECERRA 1 4 0 4 H2H Wed 22/07/2026 TC Sparkasse IN - C 10 Boys Singles 12 Main Draw Round of 64 Daniele GELLI L Juan Pablo LUDTKE 3 6 1 6 H2H Mon 20/07/2026 TC Ebbs - Ebbs 5 Event: BD12 Boys Doubles 12 Main Draw Round of 32 Daniele GELLI Evgeni SOUPROUNOV L Carl JOHANSSON Koos MAAT 7 5 5 7 6 10 H2H Mon 20/07/2026 TC Ebbs - Ebbs 4 Partners Account Sign up Log in Contact Contact us Help Cen",
      "links": [
        {
          "url": "https://te.tournamentsoftware.com/",
          "text": "Tennis Europe"
        },
        {
          "url": "https://te.tournamentsoftware.com/",
          "text": "Home"
        },
        {
          "url": "https://te.tournamentsoftware.com/tournaments",
          "text": "Tournaments"
        },
        {
          "url": "https://te.tournamentsoftware.com/find/player",
          "text": "Players"
        },
        {
          "url": "https://te.tournamentsoftware.com/ranking",
          "text": "Ranking"
        },
        {
          "url": "https://te.tournamentsoftware.com/",
          "text": "Tennis Europe"
        },
        {
          "url": "https://te.tournamentsoftware.com/user?returnUrl=%2Fplayer-profile%2F5E353E97-2922-4325-86E9-5649DD0B1278%2Ftournaments",
          "text": "Log In"
        },
        {
          "url": "https://te.tournamentsoftware.com/player-profile/5E353E97-2922-4325-86E9-5649DD0B1278/tournaments#",
          "text": "Daniele Gelli"
        },
        {
          "url": "https://te.tournamentsoftware.com/user?returnUrl=%2Fplayer-profile%2F5E353E97-2922-4325-86E9-5649DD0B1278%2Ftournaments",
          "text": "Log In"
        },
        {
          "url": "https://te.tournamentsoftware.com/player-profile/5e353e97-2922-4325-86e9-5649dd0b1278",
          "text": "Overview"
        },
        {
          "url": "https://te.tournamentsoftware.com/player-profile/5e353e97-2922-4325-86e9-5649dd0b1278/tournaments",
          "text": "Tournaments"
        },
        {
          "url": "https://te.tournamentsoftware.com/player-profile/5e353e97-2922-4325-86e9-5649dd0b1278/biography",
          "text": "Biography"
        },
        {
          "url": "https://te.tournamentsoftware.com/player-profile/5e353e97-2922-4325-86e9-5649dd0b1278/tournaments/2026/TournamentsForYear",
          "text": "2026"
        },
        {
          "url": "https://te.tournamentsoftware.com/sport/tournament?id=72B85BEB-F56D-48F3-AA67-88C1F293C970",
          "text": ""
        },
        {
          "url": "https://te.tournamentsoftware.com/sport/tournament?id=72B85BEB-F56D-48F3-AA67-88C1F293C970",
          "text": "Austrian Youth Open Kufstein"
        },
        {
          "url": "https://te.tournamentsoftware.com/sport/draw.aspx?id=72B85BEB-F56D-48F3-AA67-88C1F293C970&draw=2",
          "text": "Boys Singles 12 Bonus Draw"
        },
        {
          "url": "https://te.tournamentsoftware.com/sport/player.aspx?id=72B85BEB-F56D-48F3-AA67-88C1F293C970&player=54",
          "text": "Daniele GELLI"
        },
        {
          "url": "https://te.tournamentsoftware.com/sport/player.aspx?id=72B85BEB-F56D-48F3-AA67-88C1F293C970&player=54",
          "text": "Daniele GELLI"
        },
        {
          "url": "https://te.tournamentsoftware.com/sport/player.aspx?id=72B85BEB-F56D-48F3-AA67-88C1F293C970&player=39",
          "text": "Lucca BECERRA"
        },
        {
          "url": "https://te.tournamentsoftware.com/head-2-head?OrganizationCode=D09FBF2D-A596-46F5-B290-4AC89F90BFDE&T1P1MemberID=GEL9562495&T2P1MemberID=BEC9898426",
          "text": "H2H"
        }
      ],
      "inputs": [
        "<input id=\"nav-toggle\" role=\"button\" class=\"accessible-hidden menu__toggle\" aria-haspopup=\"true\" type=\"checkbox\">",
        "<input id=\"tertiary-nav-toggle\" role=\"button\" class=\"accessible-hidden menu__toggle\" aria-haspopup=\"true\" type=\"checkbox\">",
        "<input id=\"sidebar-toggle\" role=\"button\" class=\"is-extendable-until-medium accessible-hidden\" aria-haspopup=\"true\" type=\"checkbox\">",
        "<input type=\"search\" name=\"SearchString\" id=\"MastheadSearchInput\" placeholder=\"Search\" spellcheck=\"false\" autocomplete=\"off\" autocorrect=\"off\" autocapitalize=\"off\" data-min-char=\"3\" aria-describedby=\"SearchString-tip\" class=\"form-control search-box__field js-search-box__field\">",
        "<button type=\"button\" class=\"icon-x__trigger js-formcontrol_clear is-hidden\">",
        "<button type=\"button\" class=\"search-box__close js-search-box__close\">",
        "<button type=\"button\"\r\n    class=\"btn--rectangle btn--outline-mono media__favorite js-userlisttoggle btn--tiny btn\"\r\n    data-uldatatype=\"2\"\r\n    data-ultype=\"1\"\r\n    data-uldata1=\"D09FBF2D-A596-46F5-B290-4AC89F90BFDE\"\r\n    data-uldata2=\"5e353e97-2922-4325-86e9-5649dd0b1278\"\r\n    data-uldata3=\"\"\r\n    data-uldata4=\"\"\r\n    data-toggle=\"tooltip\"\r\n    data-placement=\"left\"\r\n    data-trigger=\"manual\">"
      ],
      "apiHints": [
        "tournamentsoftware.com",
        "tournaments",
        "tournamentsoftware.com/content/images/themes/te/app/mstile-144x144.png",
        "tournamentsoftware.com/Content/fonts/open-sans/Regular/OpenSans-Regular-webfont.woff2?v=1.0.0",
        "tournamentsoftware.com/Content/fonts/open-sans/SemiBold/OpenSans-SemiBold-webfont.woff2?v=1.0.0",
        "tournamentsoftware.com/Content/fonts/open-sans/Bold/OpenSans-Bold-webfont.woff2?v=1.0.0",
        "tournamentsoftware.com/content/styles/css/themes/te/styles.css?v=20260804121859",
        "tournamentsoftware.com/content/images/themes/te/app/favicon.ico?v=20250415114325",
        "tournamentsoftware.com/content/images/themes/te/app/favicon-32x32.png?v=20250415114325",
        "tournamentsoftware.com/content/images/themes/te/app/apple-touch-icon.png?v=20250321095705",
        "tournamentsoftware.com/content/images/themes/te/app/safari-pinned-tab.svg",
        "tournamentsoftware.com/Content/scripts/dist/jquery-bundle.js?v=20240430121207",
        "tournamentsoftware.com/Content/images/themes/te/logo.svg?v=20250325133019",
        "/tournaments",
        "Tournaments",
        "SearchInput",
        "search_1",
        "search_2",
        "search-initialy-hidden-container",
        "search__main",
        "search-box",
        "SearchString",
        "SearchString-tip",
        "search-box__field",
        "search-box__close",
        "search__dropdown",
        "SearchPreviewContent",
        "search__message",
        "search__dropdown-results",
        "search__dropdown-results--preview",
        "search__dropdown-preview",
        "tournamentsoftware.com/content/images/flags/ITA.svg",
        "player-profile/5e353e97-2922-4325-86e9-5649dd0b1278",
        "player-profile/5e353e97-2922-4325-86e9-5649dd0b1278/tournaments",
        "player-profile/5e353e97-2922-4325-86e9-5649dd0b1278/biography",
        "tournamentsoftware.com/Content/scripts/dist/chartist.js?v=20240430121207",
        "player-profile/5e353e97-2922-4325-86e9-5649dd0b1278/tournaments/2026",
        "player-profile/5e353e97-2922-4325-86e9-5649dd0b1278/tournaments/2026/TournamentsForYear",
        "/sport/tournament?id=72B85BEB-F56D-48F3-AA67-88C1F293C970",
        "tournamentsoftware.com/images/club/event-no-photo.svg"
      ]
    },
    {
      "kind": "profile",
      "player": "Daniele Gelli",
      "url": "https://te.tournamentsoftware.com/player-profile/5E353E97-2922-4325-86E9-5649DD0B1278/matches",
      "status": 200,
      "location": "",
      "title": "Tennis Europe",
      "length": 22902,
      "text": "Tennis Europe Menu Tennis Europe Back to Tennis Europe Home Tournaments Players Ranking Menu Tennis Europe Search Search Please fill in at least 3 characters Log In Menu Log In 404 - Page not found We can't seem to find the page you are looking for. Try one of the following links: Home Tournaments Players Ranking Partners Account Sign up Log in Contact Contact us Help Centre Social media Home See what's new Cookies",
      "links": [
        {
          "url": "https://te.tournamentsoftware.com/",
          "text": "Tennis Europe"
        },
        {
          "url": "https://te.tournamentsoftware.com/",
          "text": "Home"
        },
        {
          "url": "https://te.tournamentsoftware.com/tournaments",
          "text": "Tournaments"
        },
        {
          "url": "https://te.tournamentsoftware.com/find/player",
          "text": "Players"
        },
        {
          "url": "https://te.tournamentsoftware.com/ranking",
          "text": "Ranking"
        },
        {
          "url": "https://te.tournamentsoftware.com/",
          "text": "Tennis Europe"
        },
        {
          "url": "https://te.tournamentsoftware.com/user?returnUrl=%2Ferror%2F404%3Fec%3D404%26404%3Bhttps%3A%2F%2Fte.tournamentsoftware.com%3A443%2Fplayer-profile%2F5E353E97-2922-4325-86E9-5649DD0B1278%2Fmatches",
          "text": "Log In"
        },
        {
          "url": "https://te.tournamentsoftware.com/user?returnUrl=%2Ferror%2F404%3Fec%3D404%26404%3Bhttps%3A%2F%2Fte.tournamentsoftware.com%3A443%2Fplayer-profile%2F5E353E97-2922-4325-86E9-5649DD0B1278%2Fmatches",
          "text": "Log In"
        },
        {
          "url": "https://te.tournamentsoftware.com/",
          "text": "Home"
        },
        {
          "url": "https://te.tournamentsoftware.com/tournaments",
          "text": "Tournaments"
        },
        {
          "url": "https://te.tournamentsoftware.com/find/player",
          "text": "Players"
        },
        {
          "url": "https://te.tournamentsoftware.com/ranking",
          "text": "Ranking"
        },
        {
          "url": "http://bouncesports.co/",
          "text": ""
        },
        {
          "url": "https://www.ionsport.com/",
          "text": ""
        },
        {
          "url": "https://www.minervavirtual.com/mva-for/sport?utm_source=TennisEurope&utm_medium=HomePage&utm_campaign=Website",
          "text": ""
        },
        {
          "url": "http://bouncesports.co/",
          "text": ""
        },
        {
          "url": "https://www.ionsport.com/",
          "text": ""
        },
        {
          "url": "https://www.minervavirtual.com/mva-for/sport?utm_source=TennisEurope&utm_medium=HomePage&utm_campaign=Website",
          "text": ""
        },
        {
          "url": "https://te.tournamentsoftware.com/user/Signup?ReturnUrl=%2Ferror%2F404%3Fec%3D404%26404%3Bhttps%3A%2F%2Fte.tournamentsoftware.com%3A443%2Fplayer-profile%2F5E353E97-2922-4325-86E9-5649DD0B1278%2Fmatches",
          "text": "Sign up"
        },
        {
          "url": "https://te.tournamentsoftware.com/user?ReturnUrl=%2Ferror%2F404%3Fec%3D404%26404%3Bhttps%3A%2F%2Fte.tournamentsoftware.com%3A443%2Fplayer-profile%2F5E353E97-2922-4325-86E9-5649DD0B1278%2Fmatches",
          "text": "Log in"
        }
      ],
      "inputs": [
        "<input id=\"nav-toggle\" role=\"button\" class=\"accessible-hidden menu__toggle\" aria-haspopup=\"true\" type=\"checkbox\">",
        "<input id=\"tertiary-nav-toggle\" role=\"button\" class=\"accessible-hidden menu__toggle\" aria-haspopup=\"true\" type=\"checkbox\">",
        "<input id=\"sidebar-toggle\" role=\"button\" class=\"is-extendable-until-medium accessible-hidden\" aria-haspopup=\"true\" type=\"checkbox\">",
        "<input type=\"search\" name=\"SearchString\" id=\"MastheadSearchInput\" placeholder=\"Search\" spellcheck=\"false\" autocomplete=\"off\" autocorrect=\"off\" autocapitalize=\"off\" data-min-char=\"3\" aria-describedby=\"SearchString-tip\" class=\"form-control search-box__field js-search-box__field\">",
        "<button type=\"button\" class=\"icon-x__trigger js-formcontrol_clear is-hidden\">",
        "<button type=\"button\" class=\"search-box__close js-search-box__close\">"
      ],
      "apiHints": [
        "tournamentsoftware.com",
        "tournaments",
        "tournamentsoftware.com/content/images/themes/te/app/mstile-144x144.png",
        "tournamentsoftware.com/Content/fonts/open-sans/Regular/OpenSans-Regular-webfont.woff2?v=1.0.0",
        "tournamentsoftware.com/Content/fonts/open-sans/SemiBold/OpenSans-SemiBold-webfont.woff2?v=1.0.0",
        "tournamentsoftware.com/Content/fonts/open-sans/Bold/OpenSans-Bold-webfont.woff2?v=1.0.0",
        "tournamentsoftware.com/content/styles/css/themes/te/styles.css?v=20260804121859",
        "tournamentsoftware.com/content/images/themes/te/app/favicon.ico?v=20250415114325",
        "tournamentsoftware.com/content/images/themes/te/app/favicon-32x32.png?v=20250415114325",
        "tournamentsoftware.com/content/images/themes/te/app/apple-touch-icon.png?v=20250321095705",
        "tournamentsoftware.com/content/images/themes/te/app/safari-pinned-tab.svg",
        "tournamentsoftware.com/Content/scripts/dist/jquery-bundle.js?v=20240430121207",
        "tournamentsoftware.com/Content/images/themes/te/logo.svg?v=20250325133019",
        "/tournaments",
        "Tournaments",
        "SearchInput",
        "search_1",
        "search_2",
        "search-initialy-hidden-container",
        "search__main",
        "search-box",
        "SearchString",
        "SearchString-tip",
        "search-box__field",
        "search-box__close",
        "search__dropdown",
        "SearchPreviewContent",
        "search__message",
        "search__dropdown-results",
        "search__dropdown-results--preview",
        "search__dropdown-preview",
        "tournamentsoftware.com%3A443%2Fplayer-profile%2F5E353E97-2922-4325-86E9-5649DD0B1278%2Fmatches",
        "tournamentsoftware-company.com/",
        "search-backdrop",
        "tournamentsoftware.com/Content/scripts/dist/vendor-bundle.js?v=20240430121207",
        "tournamentsoftware.com/Content/scripts/dist/functions-bundle.js?v=20260609105630",
        "searchMinChar",
        "SearchQuery",
        "searchform",
        "searchform.trigger"
      ]
    },
    {
      "kind": "profile",
      "player": "Daniele Gelli",
      "url": "https://te.tournamentsoftware.com/player-profile/5E353E97-2922-4325-86E9-5649DD0B1278/overview",
      "status": 200,
      "location": "",
      "title": "Tennis Europe",
      "length": 22907,
      "text": "Tennis Europe Menu Tennis Europe Back to Tennis Europe Home Tournaments Players Ranking Menu Tennis Europe Search Search Please fill in at least 3 characters Log In Menu Log In 404 - Page not found We can't seem to find the page you are looking for. Try one of the following links: Home Tournaments Players Ranking Partners Account Sign up Log in Contact Contact us Help Centre Social media Home See what's new Cookies",
      "links": [
        {
          "url": "https://te.tournamentsoftware.com/",
          "text": "Tennis Europe"
        },
        {
          "url": "https://te.tournamentsoftware.com/",
          "text": "Home"
        },
        {
          "url": "https://te.tournamentsoftware.com/tournaments",
          "text": "Tournaments"
        },
        {
          "url": "https://te.tournamentsoftware.com/find/player",
          "text": "Players"
        },
        {
          "url": "https://te.tournamentsoftware.com/ranking",
          "text": "Ranking"
        },
        {
          "url": "https://te.tournamentsoftware.com/",
          "text": "Tennis Europe"
        },
        {
          "url": "https://te.tournamentsoftware.com/user?returnUrl=%2Ferror%2F404%3Fec%3D404%26404%3Bhttps%3A%2F%2Fte.tournamentsoftware.com%3A443%2Fplayer-profile%2F5E353E97-2922-4325-86E9-5649DD0B1278%2Foverview",
          "text": "Log In"
        },
        {
          "url": "https://te.tournamentsoftware.com/user?returnUrl=%2Ferror%2F404%3Fec%3D404%26404%3Bhttps%3A%2F%2Fte.tournamentsoftware.com%3A443%2Fplayer-profile%2F5E353E97-2922-4325-86E9-5649DD0B1278%2Foverview",
          "text": "Log In"
        },
        {
          "url": "https://te.tournamentsoftware.com/",
          "text": "Home"
        },
        {
          "url": "https://te.tournamentsoftware.com/tournaments",
          "text": "Tournaments"
        },
        {
          "url": "https://te.tournamentsoftware.com/find/player",
          "text": "Players"
        },
        {
          "url": "https://te.tournamentsoftware.com/ranking",
          "text": "Ranking"
        },
        {
          "url": "http://bouncesports.co/",
          "text": ""
        },
        {
          "url": "https://www.ionsport.com/",
          "text": ""
        },
        {
          "url": "https://www.minervavirtual.com/mva-for/sport?utm_source=TennisEurope&utm_medium=HomePage&utm_campaign=Website",
          "text": ""
        },
        {
          "url": "http://bouncesports.co/",
          "text": ""
        },
        {
          "url": "https://www.ionsport.com/",
          "text": ""
        },
        {
          "url": "https://www.minervavirtual.com/mva-for/sport?utm_source=TennisEurope&utm_medium=HomePage&utm_campaign=Website",
          "text": ""
        },
        {
          "url": "https://te.tournamentsoftware.com/user/Signup?ReturnUrl=%2Ferror%2F404%3Fec%3D404%26404%3Bhttps%3A%2F%2Fte.tournamentsoftware.com%3A443%2Fplayer-profile%2F5E353E97-2922-4325-86E9-5649DD0B1278%2Foverview",
          "text": "Sign up"
        },
        {
          "url": "https://te.tournamentsoftware.com/user?ReturnUrl=%2Ferror%2F404%3Fec%3D404%26404%3Bhttps%3A%2F%2Fte.tournamentsoftware.com%3A443%2Fplayer-profile%2F5E353E97-2922-4325-86E9-5649DD0B1278%2Foverview",
          "text": "Log in"
        }
      ],
      "inputs": [
        "<input id=\"nav-toggle\" role=\"button\" class=\"accessible-hidden menu__toggle\" aria-haspopup=\"true\" type=\"checkbox\">",
        "<input id=\"tertiary-nav-toggle\" role=\"button\" class=\"accessible-hidden menu__toggle\" aria-haspopup=\"true\" type=\"checkbox\">",
        "<input id=\"sidebar-toggle\" role=\"button\" class=\"is-extendable-until-medium accessible-hidden\" aria-haspopup=\"true\" type=\"checkbox\">",
        "<input type=\"search\" name=\"SearchString\" id=\"MastheadSearchInput\" placeholder=\"Search\" spellcheck=\"false\" autocomplete=\"off\" autocorrect=\"off\" autocapitalize=\"off\" data-min-char=\"3\" aria-describedby=\"SearchString-tip\" class=\"form-control search-box__field js-search-box__field\">",
        "<button type=\"button\" class=\"icon-x__trigger js-formcontrol_clear is-hidden\">",
        "<button type=\"button\" class=\"search-box__close js-search-box__close\">"
      ],
      "apiHints": [
        "tournamentsoftware.com",
        "tournaments",
        "tournamentsoftware.com/content/images/themes/te/app/mstile-144x144.png",
        "tournamentsoftware.com/Content/fonts/open-sans/Regular/OpenSans-Regular-webfont.woff2?v=1.0.0",
        "tournamentsoftware.com/Content/fonts/open-sans/SemiBold/OpenSans-SemiBold-webfont.woff2?v=1.0.0",
        "tournamentsoftware.com/Content/fonts/open-sans/Bold/OpenSans-Bold-webfont.woff2?v=1.0.0",
        "tournamentsoftware.com/content/styles/css/themes/te/styles.css?v=20260804121859",
        "tournamentsoftware.com/content/images/themes/te/app/favicon.ico?v=20250415114325",
        "tournamentsoftware.com/content/images/themes/te/app/favicon-32x32.png?v=20250415114325",
        "tournamentsoftware.com/content/images/themes/te/app/apple-touch-icon.png?v=20250321095705",
        "tournamentsoftware.com/content/images/themes/te/app/safari-pinned-tab.svg",
        "tournamentsoftware.com/Content/scripts/dist/jquery-bundle.js?v=20240430121207",
        "tournamentsoftware.com/Content/images/themes/te/logo.svg?v=20250325133019",
        "/tournaments",
        "Tournaments",
        "SearchInput",
        "search_1",
        "search_2",
        "search-initialy-hidden-container",
        "search__main",
        "search-box",
        "SearchString",
        "SearchString-tip",
        "search-box__field",
        "search-box__close",
        "search__dropdown",
        "SearchPreviewContent",
        "search__message",
        "search__dropdown-results",
        "search__dropdown-results--preview",
        "search__dropdown-preview",
        "tournamentsoftware.com%3A443%2Fplayer-profile%2F5E353E97-2922-4325-86E9-5649DD0B1278%2Foverview",
        "tournamentsoftware-company.com/",
        "search-backdrop",
        "tournamentsoftware.com/Content/scripts/dist/vendor-bundle.js?v=20240430121207",
        "tournamentsoftware.com/Content/scripts/dist/functions-bundle.js?v=20260609105630",
        "searchMinChar",
        "SearchQuery",
        "searchform",
        "searchform.trigger"
      ]
    },
    {
      "kind": "profile",
      "player": "Daniele Gelli",
      "url": "https://te.tournamentsoftware.com/player-profile/5E353E97-2922-4325-86E9-5649DD0B1278?tab=tournaments",
      "status": 200,
      "location": "",
      "title": "Tennis Europe",
      "length": 53115,
      "text": "Tennis Europe Menu Tennis Europe Back to Tennis Europe Home Tournaments Players Ranking Menu Tennis Europe Search Search Please fill in at least 3 characters Log In Menu Daniele Gelli Log In DG Daniele Gelli Favourite Overview Tournaments Biography More Statistics Total Singles Doubles Mixed More Win-Loss Head to Head Career 0 / 3 (3) This year 0 / 3 (3) History L L L Win-Loss Head to Head Career 0 / 2 (2) This year 0 / 2 (2) Win-Loss Head to Head Career 0 / 1 (1) This year 0 / 1 (1) Win-Loss Head to Head Career 0 / 0 (0) This year 0 / 0 (0) Tournaments Austrian Youth Open Kufstein TC Sparkasse Kufstein | Kufstein, Austria 18/07/2026 to 25/07/2026 Category 1 Category 2 Event: BS12 Boys Singles 12 Bonus Draw Round of 32 Daniele GELLI W Bye TC Sparkasse Kufstein Round of 16 Daniele GELLI L Lucca BECERRA 1 4 0 4 H2H Wed 22/07/2026 TC Sparkasse IN - C 10 Boys Singles 12 Main Draw Round of 64",
      "links": [
        {
          "url": "https://te.tournamentsoftware.com/",
          "text": "Tennis Europe"
        },
        {
          "url": "https://te.tournamentsoftware.com/",
          "text": "Home"
        },
        {
          "url": "https://te.tournamentsoftware.com/tournaments",
          "text": "Tournaments"
        },
        {
          "url": "https://te.tournamentsoftware.com/find/player",
          "text": "Players"
        },
        {
          "url": "https://te.tournamentsoftware.com/ranking",
          "text": "Ranking"
        },
        {
          "url": "https://te.tournamentsoftware.com/",
          "text": "Tennis Europe"
        },
        {
          "url": "https://te.tournamentsoftware.com/user?returnUrl=%2Fplayer-profile%2F5E353E97-2922-4325-86E9-5649DD0B1278%3Ftab%3Dtournaments",
          "text": "Log In"
        },
        {
          "url": "https://te.tournamentsoftware.com/player-profile/5E353E97-2922-4325-86E9-5649DD0B1278?tab=tournaments#",
          "text": "Daniele Gelli"
        },
        {
          "url": "https://te.tournamentsoftware.com/user?returnUrl=%2Fplayer-profile%2F5E353E97-2922-4325-86E9-5649DD0B1278%3Ftab%3Dtournaments",
          "text": "Log In"
        },
        {
          "url": "https://te.tournamentsoftware.com/player-profile/5e353e97-2922-4325-86e9-5649dd0b1278",
          "text": "Overview"
        },
        {
          "url": "https://te.tournamentsoftware.com/player-profile/5e353e97-2922-4325-86e9-5649dd0b1278/tournaments",
          "text": "Tournaments"
        },
        {
          "url": "https://te.tournamentsoftware.com/player-profile/5e353e97-2922-4325-86e9-5649dd0b1278/biography",
          "text": "Biography"
        },
        {
          "url": "https://te.tournamentsoftware.com/player-profile/5E353E97-2922-4325-86E9-5649DD0B1278?tab=tournaments#tabStatsTotal",
          "text": "Total"
        },
        {
          "url": "https://te.tournamentsoftware.com/player-profile/5E353E97-2922-4325-86E9-5649DD0B1278?tab=tournaments#tabStatsSingles",
          "text": "Singles"
        },
        {
          "url": "https://te.tournamentsoftware.com/player-profile/5E353E97-2922-4325-86E9-5649DD0B1278?tab=tournaments#tabStatsDoubles",
          "text": "Doubles"
        },
        {
          "url": "https://te.tournamentsoftware.com/player-profile/5E353E97-2922-4325-86E9-5649DD0B1278?tab=tournaments#tabStatsMixed",
          "text": "Mixed"
        },
        {
          "url": "https://te.tournamentsoftware.com/head-2-head?OrganizationCode=D09FBF2D-A596-46F5-B290-4AC89F90BFDE&T1P1MemberID=GEL9562495",
          "text": "Head to Head"
        },
        {
          "url": "https://te.tournamentsoftware.com/head-2-head?OrganizationCode=D09FBF2D-A596-46F5-B290-4AC89F90BFDE&T1P1MemberID=GEL9562495",
          "text": "Head to Head"
        },
        {
          "url": "https://te.tournamentsoftware.com/head-2-head?OrganizationCode=D09FBF2D-A596-46F5-B290-4AC89F90BFDE&T1P1MemberID=GEL9562495",
          "text": "Head to Head"
        },
        {
          "url": "https://te.tournamentsoftware.com/head-2-head?OrganizationCode=D09FBF2D-A596-46F5-B290-4AC89F90BFDE&T1P1MemberID=GEL9562495",
          "text": "Head to Head"
        }
      ],
      "inputs": [
        "<input id=\"nav-toggle\" role=\"button\" class=\"accessible-hidden menu__toggle\" aria-haspopup=\"true\" type=\"checkbox\">",
        "<input id=\"tertiary-nav-toggle\" role=\"button\" class=\"accessible-hidden menu__toggle\" aria-haspopup=\"true\" type=\"checkbox\">",
        "<input id=\"sidebar-toggle\" role=\"button\" class=\"is-extendable-until-medium accessible-hidden\" aria-haspopup=\"true\" type=\"checkbox\">",
        "<input type=\"search\" name=\"SearchString\" id=\"MastheadSearchInput\" placeholder=\"Search\" spellcheck=\"false\" autocomplete=\"off\" autocorrect=\"off\" autocapitalize=\"off\" data-min-char=\"3\" aria-describedby=\"SearchString-tip\" class=\"form-control search-box__field js-search-box__field\">",
        "<button type=\"button\" class=\"icon-x__trigger js-formcontrol_clear is-hidden\">",
        "<button type=\"button\" class=\"search-box__close js-search-box__close\">",
        "<button type=\"button\"\r\n    class=\"btn--rectangle btn--outline-mono media__favorite js-userlisttoggle btn--tiny btn\"\r\n    data-uldatatype=\"2\"\r\n    data-ultype=\"1\"\r\n    data-uldata1=\"D09FBF2D-A596-46F5-B290-4AC89F90BFDE\"\r\n    data-uldata2=\"5e353e97-2922-4325-86e9-5649dd0b1278\"\r\n    data-uldata3=\"\"\r\n    data-uldata4=\"\"\r\n    data-toggle=\"tooltip\"\r\n    data-placement=\"left\"\r\n    data-trigger=\"manual\">"
      ],
      "apiHints": [
        "tournamentsoftware.com",
        "tournaments",
        "tournamentsoftware.com/content/images/themes/te/app/mstile-144x144.png",
        "tournamentsoftware.com/Content/fonts/open-sans/Regular/OpenSans-Regular-webfont.woff2?v=1.0.0",
        "tournamentsoftware.com/Content/fonts/open-sans/SemiBold/OpenSans-SemiBold-webfont.woff2?v=1.0.0",
        "tournamentsoftware.com/Content/fonts/open-sans/Bold/OpenSans-Bold-webfont.woff2?v=1.0.0",
        "tournamentsoftware.com/content/styles/css/themes/te/styles.css?v=20260804121859",
        "tournamentsoftware.com/content/images/themes/te/app/favicon.ico?v=20250415114325",
        "tournamentsoftware.com/content/images/themes/te/app/favicon-32x32.png?v=20250415114325",
        "tournamentsoftware.com/content/images/themes/te/app/apple-touch-icon.png?v=20250321095705",
        "tournamentsoftware.com/content/images/themes/te/app/safari-pinned-tab.svg",
        "tournamentsoftware.com/Content/scripts/dist/jquery-bundle.js?v=20240430121207",
        "tournamentsoftware.com/Content/images/themes/te/logo.svg?v=20250325133019",
        "/tournaments",
        "Tournaments",
        "SearchInput",
        "search_1",
        "search_2",
        "search-initialy-hidden-container",
        "search__main",
        "search-box",
        "SearchString",
        "SearchString-tip",
        "search-box__field",
        "search-box__close",
        "search__dropdown",
        "SearchPreviewContent",
        "search__message",
        "search__dropdown-results",
        "search__dropdown-results--preview",
        "search__dropdown-preview",
        "tournamentsoftware.com/content/images/flags/ITA.svg",
        "player-profile/5e353e97-2922-4325-86e9-5649dd0b1278",
        "player-profile/5e353e97-2922-4325-86e9-5649dd0b1278/tournaments",
        "player-profile/5e353e97-2922-4325-86e9-5649dd0b1278/biography",
        "tournamentsoftware.com/Content/scripts/dist/chartist.js?v=20240430121207",
        "/sport/tournament?id=72B85BEB-F56D-48F3-AA67-88C1F293C970",
        "tournamentsoftware.com/images/club/event-no-photo.svg",
        "tournamentsoftware.com/content/images/flags/AUT.svg",
        "/sport/draw.aspx?id=72B85BEB-F56D-48F3-AA67-88C1F293C970&amp;draw=2"
      ]
    },
    {
      "kind": "profile",
      "player": "Daniele Gelli",
      "url": "https://te.tournamentsoftware.com/player-profile/5E353E97-2922-4325-86E9-5649DD0B1278?tab=matches",
      "status": 200,
      "location": "",
      "title": "Tennis Europe",
      "length": 53095,
      "text": "Tennis Europe Menu Tennis Europe Back to Tennis Europe Home Tournaments Players Ranking Menu Tennis Europe Search Search Please fill in at least 3 characters Log In Menu Daniele Gelli Log In DG Daniele Gelli Favourite Overview Tournaments Biography More Statistics Total Singles Doubles Mixed More Win-Loss Head to Head Career 0 / 3 (3) This year 0 / 3 (3) History L L L Win-Loss Head to Head Career 0 / 2 (2) This year 0 / 2 (2) Win-Loss Head to Head Career 0 / 1 (1) This year 0 / 1 (1) Win-Loss Head to Head Career 0 / 0 (0) This year 0 / 0 (0) Tournaments Austrian Youth Open Kufstein TC Sparkasse Kufstein | Kufstein, Austria 18/07/2026 to 25/07/2026 Category 1 Category 2 Event: BS12 Boys Singles 12 Bonus Draw Round of 32 Daniele GELLI W Bye TC Sparkasse Kufstein Round of 16 Daniele GELLI L Lucca BECERRA 1 4 0 4 H2H Wed 22/07/2026 TC Sparkasse IN - C 10 Boys Singles 12 Main Draw Round of 64",
      "links": [
        {
          "url": "https://te.tournamentsoftware.com/",
          "text": "Tennis Europe"
        },
        {
          "url": "https://te.tournamentsoftware.com/",
          "text": "Home"
        },
        {
          "url": "https://te.tournamentsoftware.com/tournaments",
          "text": "Tournaments"
        },
        {
          "url": "https://te.tournamentsoftware.com/find/player",
          "text": "Players"
        },
        {
          "url": "https://te.tournamentsoftware.com/ranking",
          "text": "Ranking"
        },
        {
          "url": "https://te.tournamentsoftware.com/",
          "text": "Tennis Europe"
        },
        {
          "url": "https://te.tournamentsoftware.com/user?returnUrl=%2Fplayer-profile%2F5E353E97-2922-4325-86E9-5649DD0B1278%3Ftab%3Dmatches",
          "text": "Log In"
        },
        {
          "url": "https://te.tournamentsoftware.com/player-profile/5E353E97-2922-4325-86E9-5649DD0B1278?tab=matches#",
          "text": "Daniele Gelli"
        },
        {
          "url": "https://te.tournamentsoftware.com/user?returnUrl=%2Fplayer-profile%2F5E353E97-2922-4325-86E9-5649DD0B1278%3Ftab%3Dmatches",
          "text": "Log In"
        },
        {
          "url": "https://te.tournamentsoftware.com/player-profile/5e353e97-2922-4325-86e9-5649dd0b1278",
          "text": "Overview"
        },
        {
          "url": "https://te.tournamentsoftware.com/player-profile/5e353e97-2922-4325-86e9-5649dd0b1278/tournaments",
          "text": "Tournaments"
        },
        {
          "url": "https://te.tournamentsoftware.com/player-profile/5e353e97-2922-4325-86e9-5649dd0b1278/biography",
          "text": "Biography"
        },
        {
          "url": "https://te.tournamentsoftware.com/player-profile/5E353E97-2922-4325-86E9-5649DD0B1278?tab=matches#tabStatsTotal",
          "text": "Total"
        },
        {
          "url": "https://te.tournamentsoftware.com/player-profile/5E353E97-2922-4325-86E9-5649DD0B1278?tab=matches#tabStatsSingles",
          "text": "Singles"
        },
        {
          "url": "https://te.tournamentsoftware.com/player-profile/5E353E97-2922-4325-86E9-5649DD0B1278?tab=matches#tabStatsDoubles",
          "text": "Doubles"
        },
        {
          "url": "https://te.tournamentsoftware.com/player-profile/5E353E97-2922-4325-86E9-5649DD0B1278?tab=matches#tabStatsMixed",
          "text": "Mixed"
        },
        {
          "url": "https://te.tournamentsoftware.com/head-2-head?OrganizationCode=D09FBF2D-A596-46F5-B290-4AC89F90BFDE&T1P1MemberID=GEL9562495",
          "text": "Head to Head"
        },
        {
          "url": "https://te.tournamentsoftware.com/head-2-head?OrganizationCode=D09FBF2D-A596-46F5-B290-4AC89F90BFDE&T1P1MemberID=GEL9562495",
          "text": "Head to Head"
        },
        {
          "url": "https://te.tournamentsoftware.com/head-2-head?OrganizationCode=D09FBF2D-A596-46F5-B290-4AC89F90BFDE&T1P1MemberID=GEL9562495",
          "text": "Head to Head"
        },
        {
          "url": "https://te.tournamentsoftware.com/head-2-head?OrganizationCode=D09FBF2D-A596-46F5-B290-4AC89F90BFDE&T1P1MemberID=GEL9562495",
          "text": "Head to Head"
        }
      ],
      "inputs": [
        "<input id=\"nav-toggle\" role=\"button\" class=\"accessible-hidden menu__toggle\" aria-haspopup=\"true\" type=\"checkbox\">",
        "<input id=\"tertiary-nav-toggle\" role=\"button\" class=\"accessible-hidden menu__toggle\" aria-haspopup=\"true\" type=\"checkbox\">",
        "<input id=\"sidebar-toggle\" role=\"button\" class=\"is-extendable-until-medium accessible-hidden\" aria-haspopup=\"true\" type=\"checkbox\">",
        "<input type=\"search\" name=\"SearchString\" id=\"MastheadSearchInput\" placeholder=\"Search\" spellcheck=\"false\" autocomplete=\"off\" autocorrect=\"off\" autocapitalize=\"off\" data-min-char=\"3\" aria-describedby=\"SearchString-tip\" class=\"form-control search-box__field js-search-box__field\">",
        "<button type=\"button\" class=\"icon-x__trigger js-formcontrol_clear is-hidden\">",
        "<button type=\"button\" class=\"search-box__close js-search-box__close\">",
        "<button type=\"button\"\r\n    class=\"btn--rectangle btn--outline-mono media__favorite js-userlisttoggle btn--tiny btn\"\r\n    data-uldatatype=\"2\"\r\n    data-ultype=\"1\"\r\n    data-uldata1=\"D09FBF2D-A596-46F5-B290-4AC89F90BFDE\"\r\n    data-uldata2=\"5e353e97-2922-4325-86e9-5649dd0b1278\"\r\n    data-uldata3=\"\"\r\n    data-uldata4=\"\"\r\n    data-toggle=\"tooltip\"\r\n    data-placement=\"left\"\r\n    data-trigger=\"manual\">"
      ],
      "apiHints": [
        "tournamentsoftware.com",
        "tournaments",
        "tournamentsoftware.com/content/images/themes/te/app/mstile-144x144.png",
        "tournamentsoftware.com/Content/fonts/open-sans/Regular/OpenSans-Regular-webfont.woff2?v=1.0.0",
        "tournamentsoftware.com/Content/fonts/open-sans/SemiBold/OpenSans-SemiBold-webfont.woff2?v=1.0.0",
        "tournamentsoftware.com/Content/fonts/open-sans/Bold/OpenSans-Bold-webfont.woff2?v=1.0.0",
        "tournamentsoftware.com/content/styles/css/themes/te/styles.css?v=20260804121859",
        "tournamentsoftware.com/content/images/themes/te/app/favicon.ico?v=20250415114325",
        "tournamentsoftware.com/content/images/themes/te/app/favicon-32x32.png?v=20250415114325",
        "tournamentsoftware.com/content/images/themes/te/app/apple-touch-icon.png?v=20250321095705",
        "tournamentsoftware.com/content/images/themes/te/app/safari-pinned-tab.svg",
        "tournamentsoftware.com/Content/scripts/dist/jquery-bundle.js?v=20240430121207",
        "tournamentsoftware.com/Content/images/themes/te/logo.svg?v=20250325133019",
        "/tournaments",
        "Tournaments",
        "SearchInput",
        "search_1",
        "search_2",
        "search-initialy-hidden-container",
        "search__main",
        "search-box",
        "SearchString",
        "SearchString-tip",
        "search-box__field",
        "search-box__close",
        "search__dropdown",
        "SearchPreviewContent",
        "search__message",
        "search__dropdown-results",
        "search__dropdown-results--preview",
        "search__dropdown-preview",
        "tournamentsoftware.com/content/images/flags/ITA.svg",
        "player-profile/5e353e97-2922-4325-86e9-5649dd0b1278",
        "player-profile/5e353e97-2922-4325-86e9-5649dd0b1278/tournaments",
        "player-profile/5e353e97-2922-4325-86e9-5649dd0b1278/biography",
        "tournamentsoftware.com/Content/scripts/dist/chartist.js?v=20240430121207",
        "/sport/tournament?id=72B85BEB-F56D-48F3-AA67-88C1F293C970",
        "tournamentsoftware.com/images/club/event-no-photo.svg",
        "tournamentsoftware.com/content/images/flags/AUT.svg",
        "/sport/draw.aspx?id=72B85BEB-F56D-48F3-AA67-88C1F293C970&amp;draw=2"
      ]
    },
    {
      "kind": "profile",
      "player": "Daniele Gelli",
      "url": "https://te.tournamentsoftware.com/player-profile/5E353E97-2922-4325-86E9-5649DD0B1278",
      "status": 200,
      "location": "",
      "title": "Tennis Europe",
      "length": 53015,
      "text": "Tennis Europe Menu Tennis Europe Back to Tennis Europe Home Tournaments Players Ranking Menu Tennis Europe Search Search Please fill in at least 3 characters Log In Menu Daniele Gelli Log In DG Daniele Gelli Favourite Overview Tournaments Biography More Statistics Total Singles Doubles Mixed More Win-Loss Head to Head Career 0 / 3 (3) This year 0 / 3 (3) History L L L Win-Loss Head to Head Career 0 / 2 (2) This year 0 / 2 (2) Win-Loss Head to Head Career 0 / 1 (1) This year 0 / 1 (1) Win-Loss Head to Head Career 0 / 0 (0) This year 0 / 0 (0) Tournaments Austrian Youth Open Kufstein TC Sparkasse Kufstein | Kufstein, Austria 18/07/2026 to 25/07/2026 Category 1 Category 2 Event: BS12 Boys Singles 12 Bonus Draw Round of 32 Daniele GELLI W Bye TC Sparkasse Kufstein Round of 16 Daniele GELLI L Lucca BECERRA 1 4 0 4 H2H Wed 22/07/2026 TC Sparkasse IN - C 10 Boys Singles 12 Main Draw Round of 64",
      "links": [
        {
          "url": "https://te.tournamentsoftware.com/",
          "text": "Tennis Europe"
        },
        {
          "url": "https://te.tournamentsoftware.com/",
          "text": "Home"
        },
        {
          "url": "https://te.tournamentsoftware.com/tournaments",
          "text": "Tournaments"
        },
        {
          "url": "https://te.tournamentsoftware.com/find/player",
          "text": "Players"
        },
        {
          "url": "https://te.tournamentsoftware.com/ranking",
          "text": "Ranking"
        },
        {
          "url": "https://te.tournamentsoftware.com/",
          "text": "Tennis Europe"
        },
        {
          "url": "https://te.tournamentsoftware.com/user?returnUrl=%2Fplayer-profile%2F5E353E97-2922-4325-86E9-5649DD0B1278",
          "text": "Log In"
        },
        {
          "url": "https://te.tournamentsoftware.com/player-profile/5E353E97-2922-4325-86E9-5649DD0B1278#",
          "text": "Daniele Gelli"
        },
        {
          "url": "https://te.tournamentsoftware.com/user?returnUrl=%2Fplayer-profile%2F5E353E97-2922-4325-86E9-5649DD0B1278",
          "text": "Log In"
        },
        {
          "url": "https://te.tournamentsoftware.com/player-profile/5e353e97-2922-4325-86e9-5649dd0b1278",
          "text": "Overview"
        },
        {
          "url": "https://te.tournamentsoftware.com/player-profile/5e353e97-2922-4325-86e9-5649dd0b1278/tournaments",
          "text": "Tournaments"
        },
        {
          "url": "https://te.tournamentsoftware.com/player-profile/5e353e97-2922-4325-86e9-5649dd0b1278/biography",
          "text": "Biography"
        },
        {
          "url": "https://te.tournamentsoftware.com/player-profile/5E353E97-2922-4325-86E9-5649DD0B1278#tabStatsTotal",
          "text": "Total"
        },
        {
          "url": "https://te.tournamentsoftware.com/player-profile/5E353E97-2922-4325-86E9-5649DD0B1278#tabStatsSingles",
          "text": "Singles"
        },
        {
          "url": "https://te.tournamentsoftware.com/player-profile/5E353E97-2922-4325-86E9-5649DD0B1278#tabStatsDoubles",
          "text": "Doubles"
        },
        {
          "url": "https://te.tournamentsoftware.com/player-profile/5E353E97-2922-4325-86E9-5649DD0B1278#tabStatsMixed",
          "text": "Mixed"
        },
        {
          "url": "https://te.tournamentsoftware.com/head-2-head?OrganizationCode=D09FBF2D-A596-46F5-B290-4AC89F90BFDE&T1P1MemberID=GEL9562495",
          "text": "Head to Head"
        },
        {
          "url": "https://te.tournamentsoftware.com/head-2-head?OrganizationCode=D09FBF2D-A596-46F5-B290-4AC89F90BFDE&T1P1MemberID=GEL9562495",
          "text": "Head to Head"
        },
        {
          "url": "https://te.tournamentsoftware.com/head-2-head?OrganizationCode=D09FBF2D-A596-46F5-B290-4AC89F90BFDE&T1P1MemberID=GEL9562495",
          "text": "Head to Head"
        },
        {
          "url": "https://te.tournamentsoftware.com/head-2-head?OrganizationCode=D09FBF2D-A596-46F5-B290-4AC89F90BFDE&T1P1MemberID=GEL9562495",
          "text": "Head to Head"
        }
      ],
      "inputs": [
        "<input id=\"nav-toggle\" role=\"button\" class=\"accessible-hidden menu__toggle\" aria-haspopup=\"true\" type=\"checkbox\">",
        "<input id=\"tertiary-nav-toggle\" role=\"button\" class=\"accessible-hidden menu__toggle\" aria-haspopup=\"true\" type=\"checkbox\">",
        "<input id=\"sidebar-toggle\" role=\"button\" class=\"is-extendable-until-medium accessible-hidden\" aria-haspopup=\"true\" type=\"checkbox\">",
        "<input type=\"search\" name=\"SearchString\" id=\"MastheadSearchInput\" placeholder=\"Search\" spellcheck=\"false\" autocomplete=\"off\" autocorrect=\"off\" autocapitalize=\"off\" data-min-char=\"3\" aria-describedby=\"SearchString-tip\" class=\"form-control search-box__field js-search-box__field\">",
        "<button type=\"button\" class=\"icon-x__trigger js-formcontrol_clear is-hidden\">",
        "<button type=\"button\" class=\"search-box__close js-search-box__close\">",
        "<button type=\"button\"\r\n    class=\"btn--rectangle btn--outline-mono media__favorite js-userlisttoggle btn--tiny btn\"\r\n    data-uldatatype=\"2\"\r\n    data-ultype=\"1\"\r\n    data-uldata1=\"D09FBF2D-A596-46F5-B290-4AC89F90BFDE\"\r\n    data-uldata2=\"5e353e97-2922-4325-86e9-5649dd0b1278\"\r\n    data-uldata3=\"\"\r\n    data-uldata4=\"\"\r\n    data-toggle=\"tooltip\"\r\n    data-placement=\"left\"\r\n    data-trigger=\"manual\">"
      ],
      "apiHints": [
        "tournamentsoftware.com",
        "tournaments",
        "tournamentsoftware.com/content/images/themes/te/app/mstile-144x144.png",
        "tournamentsoftware.com/Content/fonts/open-sans/Regular/OpenSans-Regular-webfont.woff2?v=1.0.0",
        "tournamentsoftware.com/Content/fonts/open-sans/SemiBold/OpenSans-SemiBold-webfont.woff2?v=1.0.0",
        "tournamentsoftware.com/Content/fonts/open-sans/Bold/OpenSans-Bold-webfont.woff2?v=1.0.0",
        "tournamentsoftware.com/content/styles/css/themes/te/styles.css?v=20260804121859",
        "tournamentsoftware.com/content/images/themes/te/app/favicon.ico?v=20250415114325",
        "tournamentsoftware.com/content/images/themes/te/app/favicon-32x32.png?v=20250415114325",
        "tournamentsoftware.com/content/images/themes/te/app/apple-touch-icon.png?v=20250321095705",
        "tournamentsoftware.com/content/images/themes/te/app/safari-pinned-tab.svg",
        "tournamentsoftware.com/Content/scripts/dist/jquery-bundle.js?v=20240430121207",
        "tournamentsoftware.com/Content/images/themes/te/logo.svg?v=20250325133019",
        "/tournaments",
        "Tournaments",
        "SearchInput",
        "search_1",
        "search_2",
        "search-initialy-hidden-container",
        "search__main",
        "search-box",
        "SearchString",
        "SearchString-tip",
        "search-box__field",
        "search-box__close",
        "search__dropdown",
        "SearchPreviewContent",
        "search__message",
        "search__dropdown-results",
        "search__dropdown-results--preview",
        "search__dropdown-preview",
        "tournamentsoftware.com/content/images/flags/ITA.svg",
        "player-profile/5e353e97-2922-4325-86e9-5649dd0b1278",
        "player-profile/5e353e97-2922-4325-86e9-5649dd0b1278/tournaments",
        "player-profile/5e353e97-2922-4325-86e9-5649dd0b1278/biography",
        "tournamentsoftware.com/Content/scripts/dist/chartist.js?v=20240430121207",
        "/sport/tournament?id=72B85BEB-F56D-48F3-AA67-88C1F293C970",
        "tournamentsoftware.com/images/club/event-no-photo.svg",
        "tournamentsoftware.com/content/images/flags/AUT.svg",
        "/sport/draw.aspx?id=72B85BEB-F56D-48F3-AA67-88C1F293C970&amp;draw=2"
      ]
    },
    {
      "kind": "profile",
      "player": "Daniele Gelli",
      "url": "https://te.tournamentsoftware.com/player-profile/5E353E97-2922-4325-86E9-5649DD0B1278/tournaments",
      "status": 200,
      "location": "",
      "title": "Tennis Europe",
      "length": 43634,
      "text": "Tennis Europe Menu Tennis Europe Back to Tennis Europe Home Tournaments Players Ranking Menu Tennis Europe Search Search Please fill in at least 3 characters Log In Menu Daniele Gelli Log In DG Daniele Gelli Favourite Overview Tournaments Biography More 2026 More Austrian Youth Open Kufstein TC Sparkasse Kufstein | Kufstein, Austria 18/07/2026 to 25/07/2026 Category 1 Category 2 Event: BS12 Boys Singles 12 Bonus Draw Round of 32 Daniele GELLI W Bye TC Sparkasse Kufstein Round of 16 Daniele GELLI L Lucca BECERRA 1 4 0 4 H2H Wed 22/07/2026 TC Sparkasse IN - C 10 Boys Singles 12 Main Draw Round of 64 Daniele GELLI L Juan Pablo LUDTKE 3 6 1 6 H2H Mon 20/07/2026 TC Ebbs - Ebbs 5 Event: BD12 Boys Doubles 12 Main Draw Round of 32 Daniele GELLI Evgeni SOUPROUNOV L Carl JOHANSSON Koos MAAT 7 5 5 7 6 10 H2H Mon 20/07/2026 TC Ebbs - Ebbs 4 Partners Account Sign up Log in Contact Contact us Help Cen",
      "links": [
        {
          "url": "https://te.tournamentsoftware.com/",
          "text": "Tennis Europe"
        },
        {
          "url": "https://te.tournamentsoftware.com/",
          "text": "Home"
        },
        {
          "url": "https://te.tournamentsoftware.com/tournaments",
          "text": "Tournaments"
        },
        {
          "url": "https://te.tournamentsoftware.com/find/player",
          "text": "Players"
        },
        {
          "url": "https://te.tournamentsoftware.com/ranking",
          "text": "Ranking"
        },
        {
          "url": "https://te.tournamentsoftware.com/",
          "text": "Tennis Europe"
        },
        {
          "url": "https://te.tournamentsoftware.com/user?returnUrl=%2Fplayer-profile%2F5E353E97-2922-4325-86E9-5649DD0B1278%2Ftournaments",
          "text": "Log In"
        },
        {
          "url": "https://te.tournamentsoftware.com/player-profile/5E353E97-2922-4325-86E9-5649DD0B1278/tournaments#",
          "text": "Daniele Gelli"
        },
        {
          "url": "https://te.tournamentsoftware.com/user?returnUrl=%2Fplayer-profile%2F5E353E97-2922-4325-86E9-5649DD0B1278%2Ftournaments",
          "text": "Log In"
        },
        {
          "url": "https://te.tournamentsoftware.com/player-profile/5e353e97-2922-4325-86e9-5649dd0b1278",
          "text": "Overview"
        },
        {
          "url": "https://te.tournamentsoftware.com/player-profile/5e353e97-2922-4325-86e9-5649dd0b1278/tournaments",
          "text": "Tournaments"
        },
        {
          "url": "https://te.tournamentsoftware.com/player-profile/5e353e97-2922-4325-86e9-5649dd0b1278/biography",
          "text": "Biography"
        },
        {
          "url": "https://te.tournamentsoftware.com/player-profile/5e353e97-2922-4325-86e9-5649dd0b1278/tournaments/2026/TournamentsForYear",
          "text": "2026"
        },
        {
          "url": "https://te.tournamentsoftware.com/sport/tournament?id=72B85BEB-F56D-48F3-AA67-88C1F293C970",
          "text": ""
        },
        {
          "url": "https://te.tournamentsoftware.com/sport/tournament?id=72B85BEB-F56D-48F3-AA67-88C1F293C970",
          "text": "Austrian Youth Open Kufstein"
        },
        {
          "url": "https://te.tournamentsoftware.com/sport/draw.aspx?id=72B85BEB-F56D-48F3-AA67-88C1F293C970&draw=2",
          "text": "Boys Singles 12 Bonus Draw"
        },
        {
          "url": "https://te.tournamentsoftware.com/sport/player.aspx?id=72B85BEB-F56D-48F3-AA67-88C1F293C970&player=54",
          "text": "Daniele GELLI"
        },
        {
          "url": "https://te.tournamentsoftware.com/sport/player.aspx?id=72B85BEB-F56D-48F3-AA67-88C1F293C970&player=54",
          "text": "Daniele GELLI"
        },
        {
          "url": "https://te.tournamentsoftware.com/sport/player.aspx?id=72B85BEB-F56D-48F3-AA67-88C1F293C970&player=39",
          "text": "Lucca BECERRA"
        },
        {
          "url": "https://te.tournamentsoftware.com/head-2-head?OrganizationCode=D09FBF2D-A596-46F5-B290-4AC89F90BFDE&T1P1MemberID=GEL9562495&T2P1MemberID=BEC9898426",
          "text": "H2H"
        }
      ],
      "inputs": [
        "<input id=\"nav-toggle\" role=\"button\" class=\"accessible-hidden menu__toggle\" aria-haspopup=\"true\" type=\"checkbox\">",
        "<input id=\"tertiary-nav-toggle\" role=\"button\" class=\"accessible-hidden menu__toggle\" aria-haspopup=\"true\" type=\"checkbox\">",
        "<input id=\"sidebar-toggle\" role=\"button\" class=\"is-extendable-until-medium accessible-hidden\" aria-haspopup=\"true\" type=\"checkbox\">",
        "<input type=\"search\" name=\"SearchString\" id=\"MastheadSearchInput\" placeholder=\"Search\" spellcheck=\"false\" autocomplete=\"off\" autocorrect=\"off\" autocapitalize=\"off\" data-min-char=\"3\" aria-describedby=\"SearchString-tip\" class=\"form-control search-box__field js-search-box__field\">",
        "<button type=\"button\" class=\"icon-x__trigger js-formcontrol_clear is-hidden\">",
        "<button type=\"button\" class=\"search-box__close js-search-box__close\">",
        "<button type=\"button\"\r\n    class=\"btn--rectangle btn--outline-mono media__favorite js-userlisttoggle btn--tiny btn\"\r\n    data-uldatatype=\"2\"\r\n    data-ultype=\"1\"\r\n    data-uldata1=\"D09FBF2D-A596-46F5-B290-4AC89F90BFDE\"\r\n    data-uldata2=\"5e353e97-2922-4325-86e9-5649dd0b1278\"\r\n    data-uldata3=\"\"\r\n    data-uldata4=\"\"\r\n    data-toggle=\"tooltip\"\r\n    data-placement=\"left\"\r\n    data-trigger=\"manual\">"
      ],
      "apiHints": [
        "tournamentsoftware.com",
        "tournaments",
        "tournamentsoftware.com/content/images/themes/te/app/mstile-144x144.png",
        "tournamentsoftware.com/Content/fonts/open-sans/Regular/OpenSans-Regular-webfont.woff2?v=1.0.0",
        "tournamentsoftware.com/Content/fonts/open-sans/SemiBold/OpenSans-SemiBold-webfont.woff2?v=1.0.0",
        "tournamentsoftware.com/Content/fonts/open-sans/Bold/OpenSans-Bold-webfont.woff2?v=1.0.0",
        "tournamentsoftware.com/content/styles/css/themes/te/styles.css?v=20260804121859",
        "tournamentsoftware.com/content/images/themes/te/app/favicon.ico?v=20250415114325",
        "tournamentsoftware.com/content/images/themes/te/app/favicon-32x32.png?v=20250415114325",
        "tournamentsoftware.com/content/images/themes/te/app/apple-touch-icon.png?v=20250321095705",
        "tournamentsoftware.com/content/images/themes/te/app/safari-pinned-tab.svg",
        "tournamentsoftware.com/Content/scripts/dist/jquery-bundle.js?v=20240430121207",
        "tournamentsoftware.com/Content/images/themes/te/logo.svg?v=20250325133019",
        "/tournaments",
        "Tournaments",
        "SearchInput",
        "search_1",
        "search_2",
        "search-initialy-hidden-container",
        "search__main",
        "search-box",
        "SearchString",
        "SearchString-tip",
        "search-box__field",
        "search-box__close",
        "search__dropdown",
        "SearchPreviewContent",
        "search__message",
        "search__dropdown-results",
        "search__dropdown-results--preview",
        "search__dropdown-preview",
        "tournamentsoftware.com/content/images/flags/ITA.svg",
        "player-profile/5e353e97-2922-4325-86e9-5649dd0b1278",
        "player-profile/5e353e97-2922-4325-86e9-5649dd0b1278/tournaments",
        "player-profile/5e353e97-2922-4325-86e9-5649dd0b1278/biography",
        "tournamentsoftware.com/Content/scripts/dist/chartist.js?v=20240430121207",
        "player-profile/5e353e97-2922-4325-86e9-5649dd0b1278/tournaments/2026",
        "player-profile/5e353e97-2922-4325-86e9-5649dd0b1278/tournaments/2026/TournamentsForYear",
        "/sport/tournament?id=72B85BEB-F56D-48F3-AA67-88C1F293C970",
        "tournamentsoftware.com/images/club/event-no-photo.svg"
      ]
    },
    {
      "kind": "profile",
      "player": "Daniele Gelli",
      "url": "https://te.tournamentsoftware.com/player-profile/5E353E97-2922-4325-86E9-5649DD0B1278/matches",
      "status": 200,
      "location": "",
      "title": "Tennis Europe",
      "length": 22902,
      "text": "Tennis Europe Menu Tennis Europe Back to Tennis Europe Home Tournaments Players Ranking Menu Tennis Europe Search Search Please fill in at least 3 characters Log In Menu Log In 404 - Page not found We can't seem to find the page you are looking for. Try one of the following links: Home Tournaments Players Ranking Partners Account Sign up Log in Contact Contact us Help Centre Social media Home See what's new Cookies",
      "links": [
        {
          "url": "https://te.tournamentsoftware.com/",
          "text": "Tennis Europe"
        },
        {
          "url": "https://te.tournamentsoftware.com/",
          "text": "Home"
        },
        {
          "url": "https://te.tournamentsoftware.com/tournaments",
          "text": "Tournaments"
        },
        {
          "url": "https://te.tournamentsoftware.com/find/player",
          "text": "Players"
        },
        {
          "url": "https://te.tournamentsoftware.com/ranking",
          "text": "Ranking"
        },
        {
          "url": "https://te.tournamentsoftware.com/",
          "text": "Tennis Europe"
        },
        {
          "url": "https://te.tournamentsoftware.com/user?returnUrl=%2Ferror%2F404%3Fec%3D404%26404%3Bhttps%3A%2F%2Fte.tournamentsoftware.com%3A443%2Fplayer-profile%2F5E353E97-2922-4325-86E9-5649DD0B1278%2Fmatches",
          "text": "Log In"
        },
        {
          "url": "https://te.tournamentsoftware.com/user?returnUrl=%2Ferror%2F404%3Fec%3D404%26404%3Bhttps%3A%2F%2Fte.tournamentsoftware.com%3A443%2Fplayer-profile%2F5E353E97-2922-4325-86E9-5649DD0B1278%2Fmatches",
          "text": "Log In"
        },
        {
          "url": "https://te.tournamentsoftware.com/",
          "text": "Home"
        },
        {
          "url": "https://te.tournamentsoftware.com/tournaments",
          "text": "Tournaments"
        },
        {
          "url": "https://te.tournamentsoftware.com/find/player",
          "text": "Players"
        },
        {
          "url": "https://te.tournamentsoftware.com/ranking",
          "text": "Ranking"
        },
        {
          "url": "http://bouncesports.co/",
          "text": ""
        },
        {
          "url": "https://www.ionsport.com/",
          "text": ""
        },
        {
          "url": "https://www.minervavirtual.com/mva-for/sport?utm_source=TennisEurope&utm_medium=HomePage&utm_campaign=Website",
          "text": ""
        },
        {
          "url": "http://bouncesports.co/",
          "text": ""
        },
        {
          "url": "https://www.ionsport.com/",
          "text": ""
        },
        {
          "url": "https://www.minervavirtual.com/mva-for/sport?utm_source=TennisEurope&utm_medium=HomePage&utm_campaign=Website",
          "text": ""
        },
        {
          "url": "https://te.tournamentsoftware.com/user/Signup?ReturnUrl=%2Ferror%2F404%3Fec%3D404%26404%3Bhttps%3A%2F%2Fte.tournamentsoftware.com%3A443%2Fplayer-profile%2F5E353E97-2922-4325-86E9-5649DD0B1278%2Fmatches",
          "text": "Sign up"
        },
        {
          "url": "https://te.tournamentsoftware.com/user?ReturnUrl=%2Ferror%2F404%3Fec%3D404%26404%3Bhttps%3A%2F%2Fte.tournamentsoftware.com%3A443%2Fplayer-profile%2F5E353E97-2922-4325-86E9-5649DD0B1278%2Fmatches",
          "text": "Log in"
        }
      ],
      "inputs": [
        "<input id=\"nav-toggle\" role=\"button\" class=\"accessible-hidden menu__toggle\" aria-haspopup=\"true\" type=\"checkbox\">",
        "<input id=\"tertiary-nav-toggle\" role=\"button\" class=\"accessible-hidden menu__toggle\" aria-haspopup=\"true\" type=\"checkbox\">",
        "<input id=\"sidebar-toggle\" role=\"button\" class=\"is-extendable-until-medium accessible-hidden\" aria-haspopup=\"true\" type=\"checkbox\">",
        "<input type=\"search\" name=\"SearchString\" id=\"MastheadSearchInput\" placeholder=\"Search\" spellcheck=\"false\" autocomplete=\"off\" autocorrect=\"off\" autocapitalize=\"off\" data-min-char=\"3\" aria-describedby=\"SearchString-tip\" class=\"form-control search-box__field js-search-box__field\">",
        "<button type=\"button\" class=\"icon-x__trigger js-formcontrol_clear is-hidden\">",
        "<button type=\"button\" class=\"search-box__close js-search-box__close\">"
      ],
      "apiHints": [
        "tournamentsoftware.com",
        "tournaments",
        "tournamentsoftware.com/content/images/themes/te/app/mstile-144x144.png",
        "tournamentsoftware.com/Content/fonts/open-sans/Regular/OpenSans-Regular-webfont.woff2?v=1.0.0",
        "tournamentsoftware.com/Content/fonts/open-sans/SemiBold/OpenSans-SemiBold-webfont.woff2?v=1.0.0",
        "tournamentsoftware.com/Content/fonts/open-sans/Bold/OpenSans-Bold-webfont.woff2?v=1.0.0",
        "tournamentsoftware.com/content/styles/css/themes/te/styles.css?v=20260804121859",
        "tournamentsoftware.com/content/images/themes/te/app/favicon.ico?v=20250415114325",
        "tournamentsoftware.com/content/images/themes/te/app/favicon-32x32.png?v=20250415114325",
        "tournamentsoftware.com/content/images/themes/te/app/apple-touch-icon.png?v=20250321095705",
        "tournamentsoftware.com/content/images/themes/te/app/safari-pinned-tab.svg",
        "tournamentsoftware.com/Content/scripts/dist/jquery-bundle.js?v=20240430121207",
        "tournamentsoftware.com/Content/images/themes/te/logo.svg?v=20250325133019",
        "/tournaments",
        "Tournaments",
        "SearchInput",
        "search_1",
        "search_2",
        "search-initialy-hidden-container",
        "search__main",
        "search-box",
        "SearchString",
        "SearchString-tip",
        "search-box__field",
        "search-box__close",
        "search__dropdown",
        "SearchPreviewContent",
        "search__message",
        "search__dropdown-results",
        "search__dropdown-results--preview",
        "search__dropdown-preview",
        "tournamentsoftware.com%3A443%2Fplayer-profile%2F5E353E97-2922-4325-86E9-5649DD0B1278%2Fmatches",
        "tournamentsoftware-company.com/",
        "search-backdrop",
        "tournamentsoftware.com/Content/scripts/dist/vendor-bundle.js?v=20240430121207",
        "tournamentsoftware.com/Content/scripts/dist/functions-bundle.js?v=20260609105630",
        "searchMinChar",
        "SearchQuery",
        "searchform",
        "searchform.trigger"
      ]
    },
    {
      "kind": "profile",
      "player": "Daniele Gelli",
      "url": "https://te.tournamentsoftware.com/player-profile/5E353E97-2922-4325-86E9-5649DD0B1278/overview",
      "status": 200,
      "location": "",
      "title": "Tennis Europe",
      "length": 22907,
      "text": "Tennis Europe Menu Tennis Europe Back to Tennis Europe Home Tournaments Players Ranking Menu Tennis Europe Search Search Please fill in at least 3 characters Log In Menu Log In 404 - Page not found We can't seem to find the page you are looking for. Try one of the following links: Home Tournaments Players Ranking Partners Account Sign up Log in Contact Contact us Help Centre Social media Home See what's new Cookies",
      "links": [
        {
          "url": "https://te.tournamentsoftware.com/",
          "text": "Tennis Europe"
        },
        {
          "url": "https://te.tournamentsoftware.com/",
          "text": "Home"
        },
        {
          "url": "https://te.tournamentsoftware.com/tournaments",
          "text": "Tournaments"
        },
        {
          "url": "https://te.tournamentsoftware.com/find/player",
          "text": "Players"
        },
        {
          "url": "https://te.tournamentsoftware.com/ranking",
          "text": "Ranking"
        },
        {
          "url": "https://te.tournamentsoftware.com/",
          "text": "Tennis Europe"
        },
        {
          "url": "https://te.tournamentsoftware.com/user?returnUrl=%2Ferror%2F404%3Fec%3D404%26404%3Bhttps%3A%2F%2Fte.tournamentsoftware.com%3A443%2Fplayer-profile%2F5E353E97-2922-4325-86E9-5649DD0B1278%2Foverview",
          "text": "Log In"
        },
        {
          "url": "https://te.tournamentsoftware.com/user?returnUrl=%2Ferror%2F404%3Fec%3D404%26404%3Bhttps%3A%2F%2Fte.tournamentsoftware.com%3A443%2Fplayer-profile%2F5E353E97-2922-4325-86E9-5649DD0B1278%2Foverview",
          "text": "Log In"
        },
        {
          "url": "https://te.tournamentsoftware.com/",
          "text": "Home"
        },
        {
          "url": "https://te.tournamentsoftware.com/tournaments",
          "text": "Tournaments"
        },
        {
          "url": "https://te.tournamentsoftware.com/find/player",
          "text": "Players"
        },
        {
          "url": "https://te.tournamentsoftware.com/ranking",
          "text": "Ranking"
        },
        {
          "url": "http://bouncesports.co/",
          "text": ""
        },
        {
          "url": "https://www.ionsport.com/",
          "text": ""
        },
        {
          "url": "https://www.minervavirtual.com/mva-for/sport?utm_source=TennisEurope&utm_medium=HomePage&utm_campaign=Website",
          "text": ""
        },
        {
          "url": "http://bouncesports.co/",
          "text": ""
        },
        {
          "url": "https://www.ionsport.com/",
          "text": ""
        },
        {
          "url": "https://www.minervavirtual.com/mva-for/sport?utm_source=TennisEurope&utm_medium=HomePage&utm_campaign=Website",
          "text": ""
        },
        {
          "url": "https://te.tournamentsoftware.com/user/Signup?ReturnUrl=%2Ferror%2F404%3Fec%3D404%26404%3Bhttps%3A%2F%2Fte.tournamentsoftware.com%3A443%2Fplayer-profile%2F5E353E97-2922-4325-86E9-5649DD0B1278%2Foverview",
          "text": "Sign up"
        },
        {
          "url": "https://te.tournamentsoftware.com/user?ReturnUrl=%2Ferror%2F404%3Fec%3D404%26404%3Bhttps%3A%2F%2Fte.tournamentsoftware.com%3A443%2Fplayer-profile%2F5E353E97-2922-4325-86E9-5649DD0B1278%2Foverview",
          "text": "Log in"
        }
      ],
      "inputs": [
        "<input id=\"nav-toggle\" role=\"button\" class=\"accessible-hidden menu__toggle\" aria-haspopup=\"true\" type=\"checkbox\">",
        "<input id=\"tertiary-nav-toggle\" role=\"button\" class=\"accessible-hidden menu__toggle\" aria-haspopup=\"true\" type=\"checkbox\">",
        "<input id=\"sidebar-toggle\" role=\"button\" class=\"is-extendable-until-medium accessible-hidden\" aria-haspopup=\"true\" type=\"checkbox\">",
        "<input type=\"search\" name=\"SearchString\" id=\"MastheadSearchInput\" placeholder=\"Search\" spellcheck=\"false\" autocomplete=\"off\" autocorrect=\"off\" autocapitalize=\"off\" data-min-char=\"3\" aria-describedby=\"SearchString-tip\" class=\"form-control search-box__field js-search-box__field\">",
        "<button type=\"button\" class=\"icon-x__trigger js-formcontrol_clear is-hidden\">",
        "<button type=\"button\" class=\"search-box__close js-search-box__close\">"
      ],
      "apiHints": [
        "tournamentsoftware.com",
        "tournaments",
        "tournamentsoftware.com/content/images/themes/te/app/mstile-144x144.png",
        "tournamentsoftware.com/Content/fonts/open-sans/Regular/OpenSans-Regular-webfont.woff2?v=1.0.0",
        "tournamentsoftware.com/Content/fonts/open-sans/SemiBold/OpenSans-SemiBold-webfont.woff2?v=1.0.0",
        "tournamentsoftware.com/Content/fonts/open-sans/Bold/OpenSans-Bold-webfont.woff2?v=1.0.0",
        "tournamentsoftware.com/content/styles/css/themes/te/styles.css?v=20260804121859",
        "tournamentsoftware.com/content/images/themes/te/app/favicon.ico?v=20250415114325",
        "tournamentsoftware.com/content/images/themes/te/app/favicon-32x32.png?v=20250415114325",
        "tournamentsoftware.com/content/images/themes/te/app/apple-touch-icon.png?v=20250321095705",
        "tournamentsoftware.com/content/images/themes/te/app/safari-pinned-tab.svg",
        "tournamentsoftware.com/Content/scripts/dist/jquery-bundle.js?v=20240430121207",
        "tournamentsoftware.com/Content/images/themes/te/logo.svg?v=20250325133019",
        "/tournaments",
        "Tournaments",
        "SearchInput",
        "search_1",
        "search_2",
        "search-initialy-hidden-container",
        "search__main",
        "search-box",
        "SearchString",
        "SearchString-tip",
        "search-box__field",
        "search-box__close",
        "search__dropdown",
        "SearchPreviewContent",
        "search__message",
        "search__dropdown-results",
        "search__dropdown-results--preview",
        "search__dropdown-preview",
        "tournamentsoftware.com%3A443%2Fplayer-profile%2F5E353E97-2922-4325-86E9-5649DD0B1278%2Foverview",
        "tournamentsoftware-company.com/",
        "search-backdrop",
        "tournamentsoftware.com/Content/scripts/dist/vendor-bundle.js?v=20240430121207",
        "tournamentsoftware.com/Content/scripts/dist/functions-bundle.js?v=20260609105630",
        "searchMinChar",
        "SearchQuery",
        "searchform",
        "searchform.trigger"
      ]
    },
    {
      "kind": "profile",
      "player": "Daniele Gelli",
      "url": "https://te.tournamentsoftware.com/player-profile/5E353E97-2922-4325-86E9-5649DD0B1278?tab=tournaments",
      "status": 200,
      "location": "",
      "title": "Tennis Europe",
      "length": 53115,
      "text": "Tennis Europe Menu Tennis Europe Back to Tennis Europe Home Tournaments Players Ranking Menu Tennis Europe Search Search Please fill in at least 3 characters Log In Menu Daniele Gelli Log In DG Daniele Gelli Favourite Overview Tournaments Biography More Statistics Total Singles Doubles Mixed More Win-Loss Head to Head Career 0 / 3 (3) This year 0 / 3 (3) History L L L Win-Loss Head to Head Career 0 / 2 (2) This year 0 / 2 (2) Win-Loss Head to Head Career 0 / 1 (1) This year 0 / 1 (1) Win-Loss Head to Head Career 0 / 0 (0) This year 0 / 0 (0) Tournaments Austrian Youth Open Kufstein TC Sparkasse Kufstein | Kufstein, Austria 18/07/2026 to 25/07/2026 Category 1 Category 2 Event: BS12 Boys Singles 12 Bonus Draw Round of 32 Daniele GELLI W Bye TC Sparkasse Kufstein Round of 16 Daniele GELLI L Lucca BECERRA 1 4 0 4 H2H Wed 22/07/2026 TC Sparkasse IN - C 10 Boys Singles 12 Main Draw Round of 64",
      "links": [
        {
          "url": "https://te.tournamentsoftware.com/",
          "text": "Tennis Europe"
        },
        {
          "url": "https://te.tournamentsoftware.com/",
          "text": "Home"
        },
        {
          "url": "https://te.tournamentsoftware.com/tournaments",
          "text": "Tournaments"
        },
        {
          "url": "https://te.tournamentsoftware.com/find/player",
          "text": "Players"
        },
        {
          "url": "https://te.tournamentsoftware.com/ranking",
          "text": "Ranking"
        },
        {
          "url": "https://te.tournamentsoftware.com/",
          "text": "Tennis Europe"
        },
        {
          "url": "https://te.tournamentsoftware.com/user?returnUrl=%2Fplayer-profile%2F5E353E97-2922-4325-86E9-5649DD0B1278%3Ftab%3Dtournaments",
          "text": "Log In"
        },
        {
          "url": "https://te.tournamentsoftware.com/player-profile/5E353E97-2922-4325-86E9-5649DD0B1278?tab=tournaments#",
          "text": "Daniele Gelli"
        },
        {
          "url": "https://te.tournamentsoftware.com/user?returnUrl=%2Fplayer-profile%2F5E353E97-2922-4325-86E9-5649DD0B1278%3Ftab%3Dtournaments",
          "text": "Log In"
        },
        {
          "url": "https://te.tournamentsoftware.com/player-profile/5e353e97-2922-4325-86e9-5649dd0b1278",
          "text": "Overview"
        },
        {
          "url": "https://te.tournamentsoftware.com/player-profile/5e353e97-2922-4325-86e9-5649dd0b1278/tournaments",
          "text": "Tournaments"
        },
        {
          "url": "https://te.tournamentsoftware.com/player-profile/5e353e97-2922-4325-86e9-5649dd0b1278/biography",
          "text": "Biography"
        },
        {
          "url": "https://te.tournamentsoftware.com/player-profile/5E353E97-2922-4325-86E9-5649DD0B1278?tab=tournaments#tabStatsTotal",
          "text": "Total"
        },
        {
          "url": "https://te.tournamentsoftware.com/player-profile/5E353E97-2922-4325-86E9-5649DD0B1278?tab=tournaments#tabStatsSingles",
          "text": "Singles"
        },
        {
          "url": "https://te.tournamentsoftware.com/player-profile/5E353E97-2922-4325-86E9-5649DD0B1278?tab=tournaments#tabStatsDoubles",
          "text": "Doubles"
        },
        {
          "url": "https://te.tournamentsoftware.com/player-profile/5E353E97-2922-4325-86E9-5649DD0B1278?tab=tournaments#tabStatsMixed",
          "text": "Mixed"
        },
        {
          "url": "https://te.tournamentsoftware.com/head-2-head?OrganizationCode=D09FBF2D-A596-46F5-B290-4AC89F90BFDE&T1P1MemberID=GEL9562495",
          "text": "Head to Head"
        },
        {
          "url": "https://te.tournamentsoftware.com/head-2-head?OrganizationCode=D09FBF2D-A596-46F5-B290-4AC89F90BFDE&T1P1MemberID=GEL9562495",
          "text": "Head to Head"
        },
        {
          "url": "https://te.tournamentsoftware.com/head-2-head?OrganizationCode=D09FBF2D-A596-46F5-B290-4AC89F90BFDE&T1P1MemberID=GEL9562495",
          "text": "Head to Head"
        },
        {
          "url": "https://te.tournamentsoftware.com/head-2-head?OrganizationCode=D09FBF2D-A596-46F5-B290-4AC89F90BFDE&T1P1MemberID=GEL9562495",
          "text": "Head to Head"
        }
      ],
      "inputs": [
        "<input id=\"nav-toggle\" role=\"button\" class=\"accessible-hidden menu__toggle\" aria-haspopup=\"true\" type=\"checkbox\">",
        "<input id=\"tertiary-nav-toggle\" role=\"button\" class=\"accessible-hidden menu__toggle\" aria-haspopup=\"true\" type=\"checkbox\">",
        "<input id=\"sidebar-toggle\" role=\"button\" class=\"is-extendable-until-medium accessible-hidden\" aria-haspopup=\"true\" type=\"checkbox\">",
        "<input type=\"search\" name=\"SearchString\" id=\"MastheadSearchInput\" placeholder=\"Search\" spellcheck=\"false\" autocomplete=\"off\" autocorrect=\"off\" autocapitalize=\"off\" data-min-char=\"3\" aria-describedby=\"SearchString-tip\" class=\"form-control search-box__field js-search-box__field\">",
        "<button type=\"button\" class=\"icon-x__trigger js-formcontrol_clear is-hidden\">",
        "<button type=\"button\" class=\"search-box__close js-search-box__close\">",
        "<button type=\"button\"\r\n    class=\"btn--rectangle btn--outline-mono media__favorite js-userlisttoggle btn--tiny btn\"\r\n    data-uldatatype=\"2\"\r\n    data-ultype=\"1\"\r\n    data-uldata1=\"D09FBF2D-A596-46F5-B290-4AC89F90BFDE\"\r\n    data-uldata2=\"5e353e97-2922-4325-86e9-5649dd0b1278\"\r\n    data-uldata3=\"\"\r\n    data-uldata4=\"\"\r\n    data-toggle=\"tooltip\"\r\n    data-placement=\"left\"\r\n    data-trigger=\"manual\">"
      ],
      "apiHints": [
        "tournamentsoftware.com",
        "tournaments",
        "tournamentsoftware.com/content/images/themes/te/app/mstile-144x144.png",
        "tournamentsoftware.com/Content/fonts/open-sans/Regular/OpenSans-Regular-webfont.woff2?v=1.0.0",
        "tournamentsoftware.com/Content/fonts/open-sans/SemiBold/OpenSans-SemiBold-webfont.woff2?v=1.0.0",
        "tournamentsoftware.com/Content/fonts/open-sans/Bold/OpenSans-Bold-webfont.woff2?v=1.0.0",
        "tournamentsoftware.com/content/styles/css/themes/te/styles.css?v=20260804121859",
        "tournamentsoftware.com/content/images/themes/te/app/favicon.ico?v=20250415114325",
        "tournamentsoftware.com/content/images/themes/te/app/favicon-32x32.png?v=20250415114325",
        "tournamentsoftware.com/content/images/themes/te/app/apple-touch-icon.png?v=20250321095705",
        "tournamentsoftware.com/content/images/themes/te/app/safari-pinned-tab.svg",
        "tournamentsoftware.com/Content/scripts/dist/jquery-bundle.js?v=20240430121207",
        "tournamentsoftware.com/Content/images/themes/te/logo.svg?v=20250325133019",
        "/tournaments",
        "Tournaments",
        "SearchInput",
        "search_1",
        "search_2",
        "search-initialy-hidden-container",
        "search__main",
        "search-box",
        "SearchString",
        "SearchString-tip",
        "search-box__field",
        "search-box__close",
        "search__dropdown",
        "SearchPreviewContent",
        "search__message",
        "search__dropdown-results",
        "search__dropdown-results--preview",
        "search__dropdown-preview",
        "tournamentsoftware.com/content/images/flags/ITA.svg",
        "player-profile/5e353e97-2922-4325-86e9-5649dd0b1278",
        "player-profile/5e353e97-2922-4325-86e9-5649dd0b1278/tournaments",
        "player-profile/5e353e97-2922-4325-86e9-5649dd0b1278/biography",
        "tournamentsoftware.com/Content/scripts/dist/chartist.js?v=20240430121207",
        "/sport/tournament?id=72B85BEB-F56D-48F3-AA67-88C1F293C970",
        "tournamentsoftware.com/images/club/event-no-photo.svg",
        "tournamentsoftware.com/content/images/flags/AUT.svg",
        "/sport/draw.aspx?id=72B85BEB-F56D-48F3-AA67-88C1F293C970&amp;draw=2"
      ]
    },
    {
      "kind": "profile",
      "player": "Daniele Gelli",
      "url": "https://te.tournamentsoftware.com/player-profile/5E353E97-2922-4325-86E9-5649DD0B1278?tab=matches",
      "status": 200,
      "location": "",
      "title": "Tennis Europe",
      "length": 53095,
      "text": "Tennis Europe Menu Tennis Europe Back to Tennis Europe Home Tournaments Players Ranking Menu Tennis Europe Search Search Please fill in at least 3 characters Log In Menu Daniele Gelli Log In DG Daniele Gelli Favourite Overview Tournaments Biography More Statistics Total Singles Doubles Mixed More Win-Loss Head to Head Career 0 / 3 (3) This year 0 / 3 (3) History L L L Win-Loss Head to Head Career 0 / 2 (2) This year 0 / 2 (2) Win-Loss Head to Head Career 0 / 1 (1) This year 0 / 1 (1) Win-Loss Head to Head Career 0 / 0 (0) This year 0 / 0 (0) Tournaments Austrian Youth Open Kufstein TC Sparkasse Kufstein | Kufstein, Austria 18/07/2026 to 25/07/2026 Category 1 Category 2 Event: BS12 Boys Singles 12 Bonus Draw Round of 32 Daniele GELLI W Bye TC Sparkasse Kufstein Round of 16 Daniele GELLI L Lucca BECERRA 1 4 0 4 H2H Wed 22/07/2026 TC Sparkasse IN - C 10 Boys Singles 12 Main Draw Round of 64",
      "links": [
        {
          "url": "https://te.tournamentsoftware.com/",
          "text": "Tennis Europe"
        },
        {
          "url": "https://te.tournamentsoftware.com/",
          "text": "Home"
        },
        {
          "url": "https://te.tournamentsoftware.com/tournaments",
          "text": "Tournaments"
        },
        {
          "url": "https://te.tournamentsoftware.com/find/player",
          "text": "Players"
        },
        {
          "url": "https://te.tournamentsoftware.com/ranking",
          "text": "Ranking"
        },
        {
          "url": "https://te.tournamentsoftware.com/",
          "text": "Tennis Europe"
        },
        {
          "url": "https://te.tournamentsoftware.com/user?returnUrl=%2Fplayer-profile%2F5E353E97-2922-4325-86E9-5649DD0B1278%3Ftab%3Dmatches",
          "text": "Log In"
        },
        {
          "url": "https://te.tournamentsoftware.com/player-profile/5E353E97-2922-4325-86E9-5649DD0B1278?tab=matches#",
          "text": "Daniele Gelli"
        },
        {
          "url": "https://te.tournamentsoftware.com/user?returnUrl=%2Fplayer-profile%2F5E353E97-2922-4325-86E9-5649DD0B1278%3Ftab%3Dmatches",
          "text": "Log In"
        },
        {
          "url": "https://te.tournamentsoftware.com/player-profile/5e353e97-2922-4325-86e9-5649dd0b1278",
          "text": "Overview"
        },
        {
          "url": "https://te.tournamentsoftware.com/player-profile/5e353e97-2922-4325-86e9-5649dd0b1278/tournaments",
          "text": "Tournaments"
        },
        {
          "url": "https://te.tournamentsoftware.com/player-profile/5e353e97-2922-4325-86e9-5649dd0b1278/biography",
          "text": "Biography"
        },
        {
          "url": "https://te.tournamentsoftware.com/player-profile/5E353E97-2922-4325-86E9-5649DD0B1278?tab=matches#tabStatsTotal",
          "text": "Total"
        },
        {
          "url": "https://te.tournamentsoftware.com/player-profile/5E353E97-2922-4325-86E9-5649DD0B1278?tab=matches#tabStatsSingles",
          "text": "Singles"
        },
        {
          "url": "https://te.tournamentsoftware.com/player-profile/5E353E97-2922-4325-86E9-5649DD0B1278?tab=matches#tabStatsDoubles",
          "text": "Doubles"
        },
        {
          "url": "https://te.tournamentsoftware.com/player-profile/5E353E97-2922-4325-86E9-5649DD0B1278?tab=matches#tabStatsMixed",
          "text": "Mixed"
        },
        {
          "url": "https://te.tournamentsoftware.com/head-2-head?OrganizationCode=D09FBF2D-A596-46F5-B290-4AC89F90BFDE&T1P1MemberID=GEL9562495",
          "text": "Head to Head"
        },
        {
          "url": "https://te.tournamentsoftware.com/head-2-head?OrganizationCode=D09FBF2D-A596-46F5-B290-4AC89F90BFDE&T1P1MemberID=GEL9562495",
          "text": "Head to Head"
        },
        {
          "url": "https://te.tournamentsoftware.com/head-2-head?OrganizationCode=D09FBF2D-A596-46F5-B290-4AC89F90BFDE&T1P1MemberID=GEL9562495",
          "text": "Head to Head"
        },
        {
          "url": "https://te.tournamentsoftware.com/head-2-head?OrganizationCode=D09FBF2D-A596-46F5-B290-4AC89F90BFDE&T1P1MemberID=GEL9562495",
          "text": "Head to Head"
        }
      ],
      "inputs": [
        "<input id=\"nav-toggle\" role=\"button\" class=\"accessible-hidden menu__toggle\" aria-haspopup=\"true\" type=\"checkbox\">",
        "<input id=\"tertiary-nav-toggle\" role=\"button\" class=\"accessible-hidden menu__toggle\" aria-haspopup=\"true\" type=\"checkbox\">",
        "<input id=\"sidebar-toggle\" role=\"button\" class=\"is-extendable-until-medium accessible-hidden\" aria-haspopup=\"true\" type=\"checkbox\">",
        "<input type=\"search\" name=\"SearchString\" id=\"MastheadSearchInput\" placeholder=\"Search\" spellcheck=\"false\" autocomplete=\"off\" autocorrect=\"off\" autocapitalize=\"off\" data-min-char=\"3\" aria-describedby=\"SearchString-tip\" class=\"form-control search-box__field js-search-box__field\">",
        "<button type=\"button\" class=\"icon-x__trigger js-formcontrol_clear is-hidden\">",
        "<button type=\"button\" class=\"search-box__close js-search-box__close\">",
        "<button type=\"button\"\r\n    class=\"btn--rectangle btn--outline-mono media__favorite js-userlisttoggle btn--tiny btn\"\r\n    data-uldatatype=\"2\"\r\n    data-ultype=\"1\"\r\n    data-uldata1=\"D09FBF2D-A596-46F5-B290-4AC89F90BFDE\"\r\n    data-uldata2=\"5e353e97-2922-4325-86e9-5649dd0b1278\"\r\n    data-uldata3=\"\"\r\n    data-uldata4=\"\"\r\n    data-toggle=\"tooltip\"\r\n    data-placement=\"left\"\r\n    data-trigger=\"manual\">"
      ],
      "apiHints": [
        "tournamentsoftware.com",
        "tournaments",
        "tournamentsoftware.com/content/images/themes/te/app/mstile-144x144.png",
        "tournamentsoftware.com/Content/fonts/open-sans/Regular/OpenSans-Regular-webfont.woff2?v=1.0.0",
        "tournamentsoftware.com/Content/fonts/open-sans/SemiBold/OpenSans-SemiBold-webfont.woff2?v=1.0.0",
        "tournamentsoftware.com/Content/fonts/open-sans/Bold/OpenSans-Bold-webfont.woff2?v=1.0.0",
        "tournamentsoftware.com/content/styles/css/themes/te/styles.css?v=20260804121859",
        "tournamentsoftware.com/content/images/themes/te/app/favicon.ico?v=20250415114325",
        "tournamentsoftware.com/content/images/themes/te/app/favicon-32x32.png?v=20250415114325",
        "tournamentsoftware.com/content/images/themes/te/app/apple-touch-icon.png?v=20250321095705",
        "tournamentsoftware.com/content/images/themes/te/app/safari-pinned-tab.svg",
        "tournamentsoftware.com/Content/scripts/dist/jquery-bundle.js?v=20240430121207",
        "tournamentsoftware.com/Content/images/themes/te/logo.svg?v=20250325133019",
        "/tournaments",
        "Tournaments",
        "SearchInput",
        "search_1",
        "search_2",
        "search-initialy-hidden-container",
        "search__main",
        "search-box",
        "SearchString",
        "SearchString-tip",
        "search-box__field",
        "search-box__close",
        "search__dropdown",
        "SearchPreviewContent",
        "search__message",
        "search__dropdown-results",
        "search__dropdown-results--preview",
        "search__dropdown-preview",
        "tournamentsoftware.com/content/images/flags/ITA.svg",
        "player-profile/5e353e97-2922-4325-86e9-5649dd0b1278",
        "player-profile/5e353e97-2922-4325-86e9-5649dd0b1278/tournaments",
        "player-profile/5e353e97-2922-4325-86e9-5649dd0b1278/biography",
        "tournamentsoftware.com/Content/scripts/dist/chartist.js?v=20240430121207",
        "/sport/tournament?id=72B85BEB-F56D-48F3-AA67-88C1F293C970",
        "tournamentsoftware.com/images/club/event-no-photo.svg",
        "tournamentsoftware.com/content/images/flags/AUT.svg",
        "/sport/draw.aspx?id=72B85BEB-F56D-48F3-AA67-88C1F293C970&amp;draw=2"
      ]
    }
  ]
}
teCoverageRoutesExit=0
